peasants_fasci,sp3m1893_n30,cl1_stn_sp1893_n30,predr_peas_fasci,ruralcentre1861,Rural_rent,Urban_rent,agricola_rel,seminatoritot_rel,sulfurproduction1868_70,Citrus_groves,Olives_groves,Vineyards,Mafia1885,Mafia1900,lnpop1861,lnsurface,centreheight,maxheight,slope2,pa_pdist1856,port2_pdist1856,roads1799,ave_temp,sp3m_ave_n30,var_sp3m_n30,distretto1853,provincia1853
1,0.20252838730812073,26,0,0,5.099931716918945,0,0.9637573957443237,0.7835484743118286,0,0.005555364303290844,0.005967100616544485,0.048398036509752274,0,0,7.396335124969482,7.259002685546875,554,723,176,71,71,0,14.600000381469727,158.4962921142578,0.27024441957473755,caltanissetta,caltanissetta
0,1.0492119789123535,4,0,1,3.5977816581726074,1.1374047994613647,0.9701000452041626,0.8199988007545471,153,3.233516472391784e-4,0.01581387408077717,0.024294232949614525,3,3,10.080754280090332,10.598987579345703,588,866,343,92,34,1,14.800000190734863,135.33966064453125,0.41962140798568726,caltanissetta,caltanissetta
1,0.3623591959476471,26,0,0,2.55831241607666,0.38952189683914185,0.9097172617912292,0.5116087794303894,0,5.223450134508312e-4,0.0023271706886589527,0.006733574438840151,0,0,7.693937301635742,8.28357982635498,292,621,250,74,74,0,16.399999618530273,129.44692993164062,0.15925607085227966,caltanissetta,caltanissetta
0,0.4212372303009033,5,0,0,7.590975284576416,2.6512258052825928,0.9832645058631897,0.7404210567474365,0,0.0030379046220332384,0.0438561886548996,0.06361006945371628,0,0,8.177515983581543,7.060150146484375,420,475,102.5,106,48,0,15.600000381469727,126.19808197021484,0.1744232177734375,caltanissetta,caltanissetta
1,0.727271318435669,4,0,0,4.133359909057617,0,1,0.8347676396369934,0,0,0,0.07240321487188339,2,1,7.493317127227783,7.190319061279297,720,821,235.5,68,55,1,14.100000381469727,144.14466857910156,0.3761913776397705,caltanissetta,caltanissetta
0,0.3734702467918396,26,0,0,2.460172176361084,0,0.9181634783744812,0.7008627653121948,25.5,2.0741827029269189e-4,4.273617814760655e-4,0.010818816721439362,3,3,7.670894622802734,8.156383514404297,440,511,150.5,111,85,0,16.049999237060547,131.87672424316406,0.16629378497600555,caltanissetta,caltanissetta
1,0.5541353225708008,26,0,1,3.343579053878784,0.7026591300964355,0.9525519609451294,0.776860237121582,0,1.2985007197130471e-4,0.004787620157003403,0.023519366979599,0,0,9.044049263000488,9.678900718688965,740,899,364.5,68,68,1,13.899999618530273,148.87991333007812,0.36622142791748047,caltanissetta,caltanissetta
0,0.9327265024185181,4,0,0,3.1625027656555176,0.78019118309021,0.9999315738677979,0.5873041749000549,0,0,0,0.06855980306863785,0,0,8.311152458190918,8.249762535095215,646,884,180,4,4,0,14.699999809265137,162.03306579589844,0.2304539531469345,caltanissetta,caltanissetta
0,0.8543545603752136,4,0,1,3.851184129714966,2.021501302719116,0.9769521951675415,0.776950478553772,117,0,0.00435031671077013,0.05932540073990822,0,3,9.456809997558594,8.892022132873535,625,704,252,98,40,0,14.600000381469727,134.67434692382812,0.32957330346107483,caltanissetta,caltanissetta
1,1.0492119789123535,4,0,1,2.8824336528778076,0.8863651752471924,0.9998434782028198,0.8878950476646423,40,2.1280193323036656e-5,0,0.03374946862459183,0,0,8.761237144470215,8.94007682800293,606,855,283.5,79,46,0,14.600000381469727,135.33966064453125,0.4237525165081024,caltanissetta,caltanissetta
0,0.47788992524147034,26,0,1,4.9184417724609375,1.5113637447357178,0.9996034502983093,0.6541414856910706,6.5,6.767878221580759e-5,0.0019075872842222452,0.08383839577436447,3,3,8.758097648620605,8.300337791442871,504,634,175,106,48,1,15.199999809265137,133.85301208496094,0.20295429229736328,caltanissetta,caltanissetta
0,0.4238012135028839,5,0,1,3.7547760009765625,1.4831817150115967,0.8576021194458008,0.6359404921531677,108,8.524436270818114e-4,0.004590796306729317,0.054676249623298645,0,3,8.371935844421387,8.125678062438965,369,441,165.5,106,48,0,15.899999618530273,123.03211212158203,0.17117756605148315,caltanissetta,caltanissetta
1,0.42607927322387695,26,0,0,2.815631866455078,0.3308045566082001,0.912253201007843,0.7101258635520935,0,3.328640596009791e-4,0.006558372639119625,0.009176903404295444,0,0,8.222822189331055,8.614066123962402,610,819,334.5,72,72,0,15.25,136.88047790527344,0.1997641623020172,caltanissetta,caltanissetta
0,1.0492119789123535,4,0,1,6.832878589630127,2.2562623023986816,0.9991275072097778,0.6730905771255493,0,0,0.016988592222332954,0.11102744936943054,2,0,8.513385772705078,8.261231422424316,474,800,180.5,58,58,1,15.199999809265137,135.33966064453125,0.4237525165081024,caltanissetta,caltanissetta
0,0.6586304903030396,4,0,0,8.097003936767578,2.312912702560425,0.9645060300827026,0.7676022052764893,0,0,0,0.10454902797937393,2,0,8.116416931152344,7.446026802062988,595,891,255.5,61,61,1,14.800000190734863,146.02198791503906,0.37150129675865173,caltanissetta,caltanissetta
0,1.0138541460037231,20,0,1,2.9025747776031494,0.26405125856399536,0.9998228549957275,0.71051788330078125,22,5.659455200657248e-4,0.0037622174713760614,0.028621895238757133,1,3,8.686091423034668,9.975409507751465,800,903,389,128.5,39,1,13.300000190734863,140.57798767089844,0.23144739866256714,piazza,caltanissetta
0,0.745101273059845,4,0,1,3.675248861312866,2.5181145668029785,0.9409862756729126,0.6089470386505127,8.5,0.00206489535048604,0.005582935642451048,0.1072550117969513,2,1,9.09694766998291,8.437257766723633,447,645,205,113.5,22,0,15.300000190734863,123.18370819091797,0.2359205037355423,piazza,caltanissetta
0,1.0492119789123535,4,0,1,2.9559555053710938,0.5757036805152893,0.9995898604393005,0.734427273273468,5.199999809265137,5.380908842198551e-4,0.006354651879519224,0.0489933155477047,2,1,8.587651252746582,9.116385459899902,878,899,259.5,103.5,34,0,13.600000381469727,135.33966064453125,0.4237525165081024,piazza,caltanissetta
0,1.0492119789123535,4,0,1,3.03997802734375,0.5844393372535706,0.9995987415313721,0.7258827090263367,175,7.992377504706383e-4,0.006592577788978815,0.05759129300713539,1,1,9.591034889221191,10.538554191589355,935,997,366,102,49,1,12.899999618530273,135.33966064453125,0.4237525165081024,piazza,caltanissetta
0,NA,NA,0,1,3.771526575088501,0.634994387626648,0.9998577833175659,0.6967913508415222,65,1.2718586367554963e-4,0.0065427180379629135,0.09276179224252701,1,0,10.005231857299805,10.298394203186035,721,918,346.5,125.5,34,1,14,125.2131576538086,0.42579883337020874,piazza,caltanissetta
1,0.8230463266372681,4,0,1,3.5544986724853516,0.8506669998168945,0.9911774396896362,0.6966403126716614,0,1.9896549929399043e-4,0.013539004139602184,0.0664912685751915,0,2,9.262932777404785,9.340703010559082,523,643,244,105,27,1,15.199999809265137,126.2993392944336,0.2721283733844757,piazza,caltanissetta
1,NA,NA,0,1,8.572121620178223,11.861713409423828,0.984684944152832,0.6645509004592896,0,0.002301102038472891,0.04867715388536453,0.18581590056419373,0,3,9.16104507446289,6.810849189758301,629,730,215,113,43,0,14.600000381469727,125.2131576538086,0.42579883337020874,piazza,caltanissetta
0,1.0492119789123535,4,0,1,4.244987487792969,0.9153297543525696,0.9998296499252319,0.8062081933021545,21,2.1350513270590454e-4,0.009539409540593624,0.04893751069903374,2,2,8.818334579467773,8.316202163696289,523,704,174.5,91,58,0,15,135.33966064453125,0.4237525165081024,piazza,caltanissetta
1,0.30410367250442505,5,0,1,2.7757277488708496,0.18588881194591522,0.9628132581710815,0.6878217458724976,3.700000047683716,4.637411911971867e-4,6.29291171208024e-4,0.027868153527379036,1,1,8.545002937316895,10.29228401184082,402,550,275,127.5,10,1,16,105.55609893798828,0.20216849446296692,terranova,caltanissetta
1,0.6810893416404724,4,0,1,2.68021297454834,0.4027252793312073,0.9998804330825806,0.5846024751663208,6,4.346730711404234e-4,0.004376739263534546,0.019502798095345497,0,2,9.34783935546875,10.27637767791748,573,675,297.5,118.5,18,1,14.800000190734863,120.62501525878906,0.2117909938097,terranova,caltanissetta
1,1.0138541460037231,20,0,1,2.9130349159240723,1.07810378074646,0.9998173117637634,0.40673530101776123,0,6.874609971418977e-4,0.00511430948972702,0.10078274458646774,2,2,9.140454292297363,8.990893363952637,332,394,174,136.5,10,0,15.899999618530273,138.28421020507812,0.1633773148059845,terranova,caltanissetta
0,0.4711172878742218,5,0,1,4.002983570098877,1.4637831449508667,0.9730203747749329,0.7734102010726929,25,3.184522793162614e-4,0.014873935841023922,0.07849004864692688,2,3,9.140454292297363,8.798502922058105,369,446,173,124,52,0,15.899999618530273,116.58047485351562,0.17552226781845093,terranova,caltanissetta
1,NA,NA,1,1,3.781083822250366,1.0769388675689697,0.9998442530632019,0.5942490100860596,0,4.69338585389778e-4,0.004312258213758469,0.010169451124966145,0,1,9.544953346252441,10.165593147277832,45,310,155,136.5,0,1,17.399999618530273,NA,NA,terranova,caltanissetta
0,0.8418986201286316,38,0,0,19.224143981933594,0,0.9840535521507263,0.35361620783805847,0,0,0,0.4075915217399597,0,NA,7.035268783569336,4.989434242248535,362,370,10,181,13,0,15.899999618530273,198.08535766601562,0.2879180610179901,acireale,catania
0,0.7893827557563782,38,0,0,12.022358894348145,0,0.8528118133544922,0.35842466354370117,0,0.006322754546999931,0.06629099696874619,0.04751158133149147,0,1,7.595890045166016,6.618785858154297,15,257,128.5,177,15,0,18,168.44186401367188,0.2752205729484558,acireale,catania
0,0.8017182946205139,38,0,1,27.74759864807129,4.909567832946777,0.9968100786209106,0.4655279517173767,0,0.049987759441137314,0.4558298885822296,0,0,NA,8.438798904418945,6.59942626953125,170,281,72,183,11,1,17.100000381469727,182.54763793945312,0.2710729241371155,acireale,catania
0,0.7601508498191833,1,0,0,14.271778106689453,8.811572074890137,0.8505474925041199,0.2703373432159424,0,0.003607634687796235,0,0.2677256464958191,1,1,10.475793838500977,8.377981185913086,161,456,228,182,10,1,17.100000381469727,162.20465087890625,0.2825251817703247,acireale,catania
0,0.8244901299476624,38,0,0,12.406250953674316,2.3412609100341797,0.8291057348251343,0.1929248422384262,0,0.002445570658892393,0,0.4050663411617279,0,NA,8.439231872558594,7.442269325256348,302,601,172,182,12,0,16.299999237060547,191.33531188964844,0.28008604049682617,acireale,catania
0,0.832963764667511,35,0,0,11.858012199401855,0,0.9636980891227722,0.37091895937919617,0,0.024280071258544922,0.02532212808728218,0.22974617779254913,1,NA,7.943782806396484,7.792859077453613,60,735,367.5,19.5,8.5,1,17.899999618530273,170.6557159423828,0.20503631234169006,acireale,catania
0,0.7869583964347839,30,0,0,3.3744657039642334,0.2668786942958832,0.762075662612915,0.16196182370185852,0,4.862879286520183e-4,0.001657865708693862,0.031406719237565994,1,2,8.517393112182617,9.801429748535156,600,3017,1443,183,16.5,1,14.899999618530273,194.8389434814453,0.2184349149465561,acireale,catania
0,0.7772509455680847,30,0,0,23.383991241455078,0,0.9974339008331299,0.27854055166244507,0,0.033692196011543274,0.0045738667249679565,0.5078302025794983,1,1,7.253470420837402,6.920963287353516,62,275,137.5,191,6.5,1,18,168.39683532714844,0.21659700572490692,acireale,catania
0,0.6871885061264038,30,0,0,19.760488510131836,3.3800861835479736,0.9973293542861938,0.15806956589221954,0,0,0,0.7262755632400513,1,1,9.752490043640137,8.352885246276855,85,3017,1477,192,0.5,1,16.25,146.22488403320312,0.2558063268661499,acireale,catania
0,0.7947620749473572,30,0,0,4.150704383850098,0.8620390295982361,0.6554937958717346,0.07856842130422592,0,0,0,0.07530380040407181,0,0,8.996651649475098,8.713879585266113,530,3017,1258.5,185,12.5,0,15,253.11915588378906,0.29795682430267334,acireale,catania
0,0.6854405999183655,30,0,0,14.863714218139648,0.6205243468284607,0.9972068071365356,0.2865098714828491,0,0.014130315743386745,0.004196562804281712,0.4848457872867584,1,0,8.241966247558594,7.950554847717285,120,1026,513,191.5,3,1,18.100000381469727,149.73521423339844,0.24586635828018188,acireale,catania
0,0.7788661122322083,30,0,0,12.030062675476074,1.2826402187347412,0.8986708521842957,0.11854732036590576,0,0.005220076534897089,0.0019572023302316666,0.4874434769153595,0,1,8.54616928100586,7.604668617248535,348,3017,1334.5,189,8.5,0,16.399999618530273,175.41807556152344,0.21266822516918182,acireale,catania
0,0.6989157795906067,28,0,0,2.1493566036224365,0.37569984793663025,0.8118156790733337,0.3022909462451935,0,0.00125519756693393,0.0027385191060602665,0.024942656978964806,0,1,8.872907638549805,9.829777717590332,754,2934,1322.5,171,28.5,1,16.799999237060547,186.7177734375,0.28143352270126343,acireale,catania
0,0.613618791103363,30,0,0,25.343290328979492,7.143406867980957,0.9923524260520935,0.3067416846752167,0,0,0,0.6090497970581055,1,1,8.78431510925293,7.013134956359863,7,62,31,192.5,1,0,18.100000381469727,127.11475372314453,0.28288355469703674,acireale,catania
0,1.0047236680984497,20,0,1,3.1498236656188965,1.1886895895004272,0.9997606873512268,0.5250289440155029,0,0.0010534955654293299,0.009493602439761162,0.10464455932378769,0,0,10.103034973144531,10.669042587280273,611,789,369.5,154,50,1,15.450000762939453,155.7866973876953,0.18254737555980682,caltagirone,catania
0,0.8933902382850647,20,0,1,6.504881381988525,3.4365742206573486,0.9996559023857117,0.618676483631134,0,0.003978333901613951,0.016045227646827698,0.17441780865192413,1,2,9.216123580932617,7.976900577545166,520,544,177,154,58,1,14.899999618530273,154.1116943359375,0.1580011397600174,caltagirone,catania
0,0.8496546149253845,20,0,1,4.238897323608398,0.49744054675102234,0.9998021125793457,0.5132271647453308,0,2.0854057220276445e-4,0.00805322453379631,0.03434271737933159,1,0,8.66025447845459,9.4147310256958,630,906,382.5,160,57,1,14.800000190734863,156.5851287841797,0.15470463037490845,caltagirone,catania
0,0.9904918670654297,19,0,0,7.939905643463135,2.2260687351226807,0.9994620680809021,0.38827869296073914,0,0.015606372617185116,0.14848794043064117,0.1196770966053009,0,2,9.216123580932617,8.639132499694824,422,662,281,156,39,1,15.399999618530273,201.21316528320312,0.19317656755447388,caltagirone,catania
0,1.0138541460037231,20,0,1,3.467747211456299,0.2913431227207184,1,0.6363102197647095,0,8.292337879538536e-4,0.045910660177469254,0.04467454180121422,0,0,9.121946334838867,10.024991989135742,543,670,300.5,150,40,1,15.300000190734863,138.28421020507812,0.15597973763942719,caltagirone,catania
0,1.0138541460037231,20,0,0,5.799874782562256,2.771859884262085,1,0.8293169736862183,0,0.0015282206004485488,0.04907534644007683,0.021377189084887505,0,0,8.259716987609863,7.353037357330322,518,590,140,154,58,0,15.199999809265137,141.87962341308594,0.21781383454799652,caltagirone,catania
0,0.9000077247619629,19,0,1,6.746551513671875,1.2158586978912354,0.9995980858802795,0.8230440616607666,0,0.003349039703607559,0.01114539336413145,0.011318754404783249,0,0,8.497806549072266,8.590276718139648,190,467,214,150,33,0,16.799999237060547,169.6999969482422,0.21935230493545532,caltagirone,catania
0,0.9292840957641602,20,0,0,3.3653271198272705,0,0.9998189806938171,0.769438624382019,24,0,0.0020969172473996878,0.0030031807254999876,3,0,8.438365936279297,10.686132431030273,250,765,363.5,146,40,1,15.699999809265137,125.2131576538086,0.31344929337501526,caltagirone,catania
0,1.0138541460037231,20,0,0,4.889486789703369,1.1110100746154785,1,0.6282351613044739,0,0.002455867361277342,0.017333026975393295,0.15037895739078522,0,NA,8.38251781463623,8.081901550292969,491,789,254.5,146,56,1,15.100000381469727,142.70790100097656,0.21002186834812164,caltagirone,catania
0,0.8432955145835876,12,0,1,5.085107803344727,1.2536956071853638,0.9997747540473938,0.9013215899467468,0,0.0021575887221843004,0.009346405044198036,0.05436233431100845,0,0,9.50016975402832,9.425161361694336,619,900,260,160,55,1,14.699999809265137,158.26153564453125,0.15924358367919922,caltagirone,catania
0,0.772200345993042,8,0,0,4.050971508026123,1.74442458152771,0.9994707703590393,0.268367737531662,0,0.001259100972674787,0.007379684131592512,0.04265720024704933,1,3,9.472627639770508,9.340575218200684,562,3274,1555,148,25,1,14.699999809265137,174.88894653320312,0.2065821886062622,catania,catania
0,0.8613492250442505,14,0,1,4.0799150466918945,0.3779589533805847,0.8554280400276184,0.5130196809768677,0,0,0.008498052135109901,0.06083003431558609,0,NA,8.900958061218262,9.82723617553711,551,3274,1627,159,17.5,1,14.699999809265137,162.53570556640625,0.25448179244995117,catania,catania
0,0.7520046830177307,8,0,0,7.081482410430908,1.7713063955307007,0.9992079138755798,0.38804084062576294,0,0.0012802972923964262,0.0028297279495745897,0.12390685826539993,0,1,9.140775680541992,8.761673927307129,513,3274,1577,150,23,0,14.899999618530273,167.5543670654297,0.20920243859291077,catania,catania
0,0.6989157795906067,28,0,1,2.8474981784820557,0.47774791717529297,0.9998611807823181,0.4992354214191437,0,2.4046302132774144e-4,0.005263818893581629,0.026365235447883606,0,3,9.400299072265625,10.341588973999023,794,3112,1366,159,37,1,13.350000381469727,209.31353759765625,0.24347829818725586,catania,catania
0,0.7533852458000183,8,0,0,6.761147975921631,0,0.9993076324462891,0.12069211900234222,0,0,0.13692015409469604,0.09711108356714249,0,NA,6.5944132804870605,6.393213272094727,445,510,135,161,10,0,15.600000381469727,144.41171264648438,0.2632143795490265,catania,catania
0,0.6908440589904785,7,0,1,6.5430169105529785,12.656630516052246,0.9420567154884338,0.7082794904708862,0,0,0.02851271629333496,0.05518459901213646,0,1,11.139103889465332,9.706204414367676,37,393,196.5,172,0,1,17.799999237060547,110.76206970214844,0.26466771960258484,catania,catania
0,0.7666715979576111,7,0,0,11.907065391540527,0,0.9993484020233154,0.312549352645874,0,0,0.07244741916656494,0.2357412874698639,0,NA,7.239932537078857,6.035697937011719,355,390,78,166,5,0,16.200000762939453,153.90350341796875,0.2682717740535736,catania,catania
0,0.6839665770530701,28,0,0,2.428419589996338,0.6372789740562439,0.9998297691345215,0.3115992546081543,0,0,0,0.042503584176301956,0,0,7.878534317016602,8.186138153076172,980,2934,1039.5,163,41,1,12.699999809265137,193.6594696044922,0.2170204371213913,catania,catania
0,0.7734501957893372,38,0,0,6.33754825592041,2.6662771701812744,0.9992271065711975,0.08818746358156204,0,0,0.0526435561478138,0.2956548035144806,0,1,8.054522514343262,7.137663841247559,420,675,172.5,165,6,0,15.600000381469727,162.5152130126953,0.2595958113670349,catania,catania
1,0.7336676120758057,8,0,1,10.14401912689209,1.1681910753250122,0.9900937080383301,0.561420738697052,0,8.383723325096071e-4,0.029980389401316643,0.2180802971124649,0,3,8.720787048339844,8.072680473327637,213,332,146,168,4,1,16.700000762939453,128.47100830078125,0.26013123989105225,catania,catania
0,0.7503710389137268,8,0,0,6.024045944213867,0.35349711775779724,0.9733807444572449,0.7819716334342957,0,0,0.022425906732678413,0.15771247446537018,0,1,8.103494644165039,8.105552673339844,275,325,148,168,6,1,16.700000762939453,136.79539489746094,0.24393440783023834,catania,catania
1,0.7761366367340088,38,0,0,1.2046815156936646,0.507883608341217,0.6454363465309143,0.0148228844627738,0,0,0,0.13061662018299103,0,3,7.896552562713623,8.333163261413574,698,3274,1342,162,22.5,0,14.100000381469727,167.2908172607422,0.25619572401046753,catania,catania
1,0.7767122983932495,8,1,1,3.730578899383545,0.815402090549469,0.8287316560745239,0.6233258247375488,0,6.830019265180454e-5,0.02847054973244667,0.019851109012961388,1,2,9.801288604736328,10.085091590881348,239,2845,1403.5,159.5,12.5,1,15.375,151.16421508789062,0.24775080382823944,catania,catania
0,0.796309232711792,38,0,0,6.633975982666016,0.9680725336074829,0.7403224110603333,0.13711924850940704,0,0,0,0.3441609740257263,0,1,8.06777572631836,7.347932815551758,602,1700,617,166,10,0,14.399999618530273,176.3502655029297,0.2656894326210022,catania,catania
0,0.7776252627372742,38,0,0,12.036375045776367,0,0.999133825302124,0.5045772790908813,0,0,0,0.11884868890047073,0,NA,6.234410762786865,5.568734169006348,310,350,80,167,4,0,16.100000381469727,160.18441772460938,0.2718634605407715,catania,catania
0,0.8757328987121582,19,0,1,9.423677444458008,3.564185619354248,0.9996439218521118,0.7121898531913757,0,0.013141972944140434,0.13897700607776642,0.03927392140030861,0,0,8.789202690124512,7.623161315917969,150,370,135,158,39,0,16.799999237060547,161.0205535888672,0.16676044464111328,catania,catania
0,0.7675867676734924,38,0,0,11.860089302062988,0,1,0.11192364990711212,0,0,0.10405660420656204,0.09305138140916824,0,NA,6.878326416015625,5.4914984703063965,315,380,70,163,4,0,17.799999237060547,154.31468200683594,0.26853740215301514,catania,catania
0,0.8257914185523987,38,0,0,8.788987159729004,0,0.965515673160553,0.40065354108810425,0,0,0,0.2748074531555176,0,NA,7.402451515197754,6.825786590576172,347,400,85,168,5,0,16.100000381469727,187.44114685058594,0.2818390429019928,catania,catania
0,0.796063244342804,38,0,0,12.992411613464355,0,0.9318826198577881,0.41647639870643616,0,0,0.13196933269500732,0.18613667786121368,0,NA,7.390798568725586,6.213564395904541,336,368,129,170,7,1,16.200000762939453,170.4676055908203,0.27805057168006897,catania,catania
0,0.7660953402519226,38,0,0,4.277416229248047,0,0.5685388445854187,0.1562427133321762,0,0,0,0.10283888876438141,0,NA,6.853299140930176,6.2921857833862305,463,531,94,163,8,0,15.399999618530273,158.7431640625,0.2561129033565521,catania,catania
0,0.8130382299423218,38,0,0,8.613924026489258,1.0674593448638916,0.9372140765190125,0.09392839670181274,0,0,0,0.5198039412498474,0,1,8.01730728149414,7.167596340179443,586,1525,542.5,168,9,0,14.800000190734863,183.70831298828125,0.2733679711818695,catania,catania
0,0.8031359910964966,38,0,0,7.139954566955566,0,0.9011199474334717,0.19261230528354645,0,0,0.025555698201060295,0.38522160053253174,0,NA,7.069874286651611,6.365518569946289,392,524,227,167,6,0,15.699999809265137,176.87796020507812,0.27208831906318665,catania,catania
0,0.9311947226524353,38,0,0,13.557124137878418,2.8394243717193604,0.9276937246322632,0.10804693400859833,0,0,0.0028571828734129667,0.7384303212165833,0,NA,7.983780860900879,6.775886058807373,410,655,142,170,9,0,15.800000190734863,235.82608032226562,0.3328409790992737,catania,catania
0,0.7580106854438782,30,0,0,1.5468428134918213,0.1111062690615654,0.1749984323978424,0.020596761256456375,0,0,0,0.06480634957551956,0,NA,8.1727294921875,9.342479705810547,595,3274,1467,177,16,0,14.600000381469727,167.26260375976562,0.2257230281829834,catania,catania
1,NA,NA,1,1,2.5337746143341064,0.5589379072189331,0.9994484782218933,0.4120521545410156,20,0,0.005976636428385973,0.047998327761888504,0,2,9.362717628479004,9.61131763458252,645,824,344.5,123,50,1,14.5,125.2131576538086,0.42579883337020874,nicosia,catania
0,NA,NA,0,0,3.6247525215148926,0.19286702573299408,0.9997973442077637,0.7154870629310608,84.30000305175781,6.123307393863797e-4,0,0.07516550272703171,0,1,8.09162712097168,9.3261566162109375,840,906,347,118,63,0,13.899999618530273,125.2131576538086,0.42579883337020874,nicosia,catania
0,0.8613492250442505,14,0,0,3.622695207595825,0,0.9998886585235596,0.9175199866294861,0,0,0,0,0,2,7.412764072418213,6.972372055053711,173,300,87.5,140,43,0,16.700000762939453,149.54624938964844,0.33411550521850586,nicosia,catania
0,0.7924540042877197,14,0,0,3.5025711059570312,0.21993273496627808,0.9412646889686584,0.48356616497039795,44,4.487976839300245e-4,0.0016290503554046154,0.015058551914989948,0,1,8.859079360961914,9.678887367248535,730,733,329,142,37,1,14.199999809265137,131.27821350097656,0.3181520998477936,nicosia,catania
1,NA,NA,0,0,2.8427467346191406,0.5375146269798279,0.9538520574569702,0.5077987909317017,0,0,0,0.06670010089874268,0,2,8.391630172729492,9.026888847351074,965,1530,500,136,80,1,12.899999618530273,NA,NA,nicosia,catania
0,NA,NA,0,0,3.9907119274139404,0.528950035572052,0.9998009204864502,0.6141204237937927,0,1.7074205970857292e-5,0.008826449513435364,0.04750501364469528,0,1,8.272570610046387,8.653037071228027,651,1095,365,127,83,0,14.199999809265137,NA,NA,nicosia,catania
0,NA,NA,0,1,4.683793067932129,1.287131905555725,0.9996784925460815,0.6034435629844666,3,0.003783178748562932,0,0.06935414671897888,3,3,9.412301063537598,8.97353458404541,615,1026,365.5,114,59,0,14.199999809265137,NA,NA,nicosia,catania
1,NA,NA,0,1,3.5697574615478516,1.179632306098938,0.9941813945770264,0.6928518414497375,0,0,0.005773108918219805,0.05555782467126846,0,3,9.597709655761719,10.012223243713379,714,1558,565,126,71,1,13.899999618530273,NA,NA,nicosia,catania
1,NA,NA,0,0,5.50311803817749,0,0.9998102784156799,0.6198939681053162,0,0,0.02086607925593853,0.09005217999219894,3,3,7.844632625579834,8.722495079040527,655,1013,306.5,118,63,1,14.100000381469727,NA,NA,nicosia,catania
1,NA,NA,0,1,3.578599691390991,0.4931645393371582,0.9997324347496033,0.6671528220176697,0,1.9987777341157198e-4,0.00842108204960823,0.028699219226837158,0,2,9.104424476623535,9.666972160339355,530,1142,501,132,40,1,15.100000381469727,125.2131576538086,0.42579883337020874,nicosia,catania
0,0.7709423303604126,6,0,0,2.9474964141845703,0,0.9906626343727112,0.6015931367874146,0,0,6.639725179411471e-4,0.048975542187690735,0,2,7.443663597106934,8.70984935760498,715,1132,266,128,74,1,16.200000762939453,199.1069793701172,0.1343272179365158,nicosia,catania
1,0.6989157795906067,28,0,1,4.282952308654785,0.6753146052360535,0.9996419548988342,0.8564082384109497,0,0,0.0052679358050227165,0.0630473643541336,0,1,9.023890495300293,9.69261646270752,1120,1242,491,135,86,1,12.300000190734863,186.7177734375,0.2602026164531708,nicosia,catania
1,0.24352934956550598,3,0,1,5.425343990325928,1.2150987386703491,0.9998700022697449,0.9079790711402893,0,0.0018236128380522132,0.02644268423318863,0.024436533451080322,2,3,8.559103012084961,8.668452262878418,533,640,245,51,51,0,15.399999618530273,140.95701599121094,0.13548190891742706,bivona,girgenti
1,0.2842317819595337,3,0,0,3.9455888271331787,0.8292790055274963,1,0.9706565737724304,0,0.007247623521834612,0.01175753865391016,0.01033819280564785,2,2,8.21338176727295,9.111797332763672,503,1436,590,46,46,0,15.100000381469727,198.07777404785156,0.14105604588985443,bivona,girgenti
1,0.2842317819595337,3,0,1,3.885885000228882,1.8374958038330078,0.99944305419921875,0.40679118037223816,0,0.007716048508882523,0.038974881172180176,0.024034226313233376,1,3,8.503094673156738,8.352131843566895,317,1138,494,52,52,0,17,175.65481567382812,0.19228065013885498,bivona,girgenti
1,0.25824660062789917,3,0,0,6.10381555557251,0,0.9998493194580078,0.76368248462677,0,9.496630518697202e-4,0.019692281261086464,0.025188248604536057,0,1,6.719013214111328,8.091829299926758,307,400,135,59,59,0,16.600000381469727,152.62469482421875,0.2386818379163742,bivona,girgenti
1,0.20252838730812073,26,0,1,3.8033030033111572,0.2845670282840729,0.9997818470001221,0.6791694760322571,0,0.0014007458230480552,0.002877677557989955,0.004720793105661869,1,2,8.498417854309082,9.861902236938477,689,1579,664.5,52,52,1,13.5,158.4962921142578,0.27024441957473755,bivona,girgenti
0,0.2222815752029419,26,0,1,2.4386096000671387,0.587631344795227,0.9931264519691467,0.6367058157920837,63.79999923706055,0,0.0037999446503818035,0.010914546437561512,1,2,8.936823844909668,9.136445999145508,554,912,395.5,60,56,0,15.300000190734863,122.04841613769531,0.17163123190402985,bivona,girgenti
0,0.243207186460495,3,0,1,3.9173052310943604,0.9056283831596375,0.9998148679733276,0.6385153532028198,82.5999984741211,2.082752762362361e-4,0,0.037289779633283615,2,3,8.429890632629395,8.2154388427734375,400,516,183,64,64,0,16.200000762939453,133.03070068359375,0.14550012350082397,bivona,girgenti
1,0.2842317819595337,3,0,0,5.991875648498535,0,0.9996047019958496,0.6661329865455627,0,6.394960219040513e-4,0.12248270958662033,0.05862255021929741,1,2,7.493317127227783,7.57685661315918,513,656,228,56,56,0,15.5,172.73095703125,0.19394628703594208,bivona,girgenti
1,0.256329208612442,3,0,1,9.381721496582031,0.6312879323959351,0.998290479183197,0.7712536454200745,0,7.616552757099271e-4,0.013929302804172039,0.04131055995821953,0,3,8.77012825012207,9.348352432250977,230,434,217,62,62,1,17.200000762939453,149.2796173095703,0.24089092016220093,bivona,girgenti
1,0.2369890809059143,2,0,0,3.5245914459228516,0.5583507418632507,0.9971877932548523,0.7468459606170654,0,0.002151874592527747,0.007398881483823061,0.024256696924567223,1,1,7.74543571472168,8.287741661071777,416,636,218,60,60,0,15.899999618530273,131.42062377929688,0.14471229910850525,bivona,girgenti
0,0.20252838730812073,26,0,0,4.318336486816406,1.8368440866470337,0.8967834711074829,0.5642259120941162,0,0.0020042413379997015,0.03703450411558151,0.03968503326177597,1,2,8.072467803955078,7.750943183898926,630,1579,644.5,52,52,0,14.100000381469727,158.4962921142578,0.27024441957473755,bivona,girgenti
1,0.2842317819595337,3,0,1,4.235295295715332,0.7181130647659302,0.9695531129837036,0.6117720007896423,0,0.0025434233248233795,0.019181063398718834,0.04900062084197998,2,2,8.574895858764648,9.069084167480469,732,1315,579,45,45,0,14.199999809265137,198.07777404785156,0.14105604588985443,bivona,girgenti
1,0.2842317819595337,3,0,0,5.724808692932129,2.324815034866333,0.9996631145477295,0.7239692807197571,0,0.005110661033540964,0.09312033653259277,0.06764644384384155,1,2,7.788626194000244,7.217717170715332,350,390,145,54,54,0,16.700000762939453,175.9407958984375,0.19212226569652557,bivona,girgenti
1,0.21694843471050262,26,0,1,4.138381004333496,1.0477001667022705,0.9999148845672607,0.9859969019889832,66.4000015258789,2.0788665278814733e-4,0,0.013346126303076744,0,3,9.253399848937988,9.084807395935059,400,652,226,72,48,0,15.950000762939453,117.42750549316406,0.15954026579856873,girgenti,girgenti
0,0.21093933284282684,24,0,0,4.463377475738525,0,0.9998982548713684,0.7823175191879272,0,9.821661515161395e-4,0.004997102078050375,0.01701204665005207,3,NA,6.972606182098389,7.364465713500977,340,564,209.5,84,29,0,16.100000381469727,115.3665542602539,0.16883207857608795,girgenti,girgenti
1,0.30410367250442505,5,0,1,5.207729816436768,0.8749879598617554,0.9992541074752808,0.7006586790084839,21.200000762939453,0.0016513211885467172,0.01254566852003336,0.08365783840417862,1,3,8.669227600097656,8.164546966552734,316,372,166,89,35,0,16.100000381469727,105.55609893798828,0.17969101667404175,girgenti,girgenti
1,0.3520447611808777,26,0,1,5.566925048828125,2.2400896549224854,0.9838718771934509,0.8819494247436523,0,0.0016272838693112135,0,0.059031374752521515,2,2,9.910909652709961,9.420949935913086,470,574,132,82,63,1,15.300000190734863,125.59496307373047,0.158480703830719,girgenti,girgenti
0,0.21713289618492126,26,0,0,6.138072967529297,0.9471920132637024,0.9990687370300293,0.765449047088623,0,0,0,0.06684813648462296,0,NA,7.846981048583984,7.268581390380859,470,543,36.5,77,30,1,15.399999618530273,123.40910339355469,0.15124593675136566,girgenti,girgenti
1,0.23839130997657776,25,0,1,5.529376983642578,0.9057271480560303,0.999838650226593,0.6280984282493591,33.5,0.0037501337938010693,0.010229242034256458,0.016263103112578392,0,2,8.697846412658691,8.58406925201416,220,620,310,70,57,1,17.100000381469727,125.23342895507812,0.14960794150829315,girgenti,girgenti
0,0.22118087112903595,26,0,0,3.430480480194092,0.4847743511199951,0.9999566674232483,0.9983001947402954,210,0,0,0.0016453845892101526,0,3,7.39387845993042,7.546138286590576,342,640,197.5,73,49,0,16.100000381469727,122.5065689086914,0.15336887538433075,girgenti,girgenti
0,0.22257791459560394,2,0,1,7.339107513427734,3.259553909301758,0.9944471120834351,0.8432459235191345,127,0.002425998216494918,0,0.02593253180384636,3,3,9.459463119506836,8.883295059204102,324,533,241.5,80,45,1,16.200000762939453,113.12815856933594,0.15605150163173676,girgenti,girgenti
1,0.2343885749578476,2,0,1,4.092582702636719,2.690883159637451,0.955173909664154,0.7157627940177917,25,0.0017125174636021256,0,0.03475409746170044,0,3,10.005141258239746,10.18052864074707,5,597,298.5,84,38,1,17.299999237060547,91.92823791503906,0.18039503693580627,girgenti,girgenti
0,0.21251609921455383,26,0,1,7.33458137512207,3.391401767730713,0.998365581035614,0.9634491205215454,70,0,0,0.018227428197860718,3,3,8.777555465698242,7.421838760375977,535,611,200.5,73,51,0,15.100000381469727,138.26620483398438,0.15624651312828064,girgenti,girgenti
0,0.22672294080257416,5,0,1,4.640204429626465,1.354480266571045,0.99012291431427,0.6524664163589478,1.2000000476837158,0.0011240977328270674,0.005532420706003904,0.04058760404586792,0,2,9.5862398147583,9.84255313873291,10,475,237.5,99,0,1,17.700000762939453,111.1186294555664,0.21825022995471954,girgenti,girgenti
1,0.2427365481853485,25,0,0,5.266526222229004,0,0.999690055847168,0.5113937854766846,4.5,0.00205004820600152,0.005020713899284601,0.061521802097558975,0,NA,7.39387845993042,7.885865211486816,224,427,213.5,74,54,1,17.5,117.10108184814453,0.1524900496006012,girgenti,girgenti
1,0.21642760932445526,24,0,1,6.765789031982422,1.151125431060791,0.9996451735496521,0.7456183433532715,7.699999809265137,0.004830900114029646,0.007594747934490442,0.05797407031059265,0,2,9.261983871459961,9.578150749206543,530,614,207,81,26,1,14.899999618530273,116.78076171875,0.16073225438594818,girgenti,girgenti
1,0.13508203625679016,24,0,1,4.576664447784424,2.0559232234954834,0.9996181130409241,0.6366379857063293,28.399999618530273,0.0016736566321924329,0.013930262066423893,0.0778588280081749,3,3,9.32607650756836,8.777209281921387,167,435,217.5,89,52,1,16.899999618530273,117.70625305175781,0.2486669421195984,girgenti,girgenti
1,0.20252838730812073,26,0,1,4.688003063201904,1.9341076612472534,0.998680055141449,0.8040488362312317,80,0.0010203575948253274,0,0.0620955191552639,3,3,9.270776748657227,8.35174560546875,475,721,264.5,70,53,0,15.300000190734863,158.4962921142578,0.16877180337905884,girgenti,girgenti
0,0.23090152442455292,2,0,1,6.057729721069336,3.3663578033447266,0.9996553659439087,0.9875960946083069,1.2000000476837158,0.005948165897279978,0,0.006111058872193098,0,2,8.701512336730957,7.619184970855713,423,652,226,66,46,0,16.350000381469727,107.46397399902344,0.16952548921108246,girgenti,girgenti
1,0.3596779406070709,5,0,1,5.6270246505737305,1.2138910293579102,0.9997166395187378,0.6728344559669495,3.700000047683716,0.001088094781152904,0.02669820934534073,0.05216178670525551,3,2,8.915700912475586,8.748956680297852,320,461,200.5,91,38,0,16.100000381469727,117.08067321777344,0.1672508716583252,girgenti,girgenti
1,0.19997450709342957,25,0,0,5.613158702850342,1.0292552709579468,0.9703695178031921,0.5692152976989746,0,3.8940637023188174e-4,0,0.2156020700931549,0,2,7.601402282714844,7.358564376831055,125,357,178.5,74,46,0,17.5,97.41693115234375,0.1953812539577484,girgenti,girgenti
1,0.22618164122104645,2,0,0,2.205963611602783,0.09035886824131012,0.9998454451560974,0.6314527988433838,0,2.086439199047163e-4,0.02131904847919941,0.0016943472437560558,0,1,6.912742614746094,8.727212905883789,335,652,226,60,52,0,16.799999237060547,114.3724594116211,0.16971063613891602,girgenti,girgenti
1,0.21696273982524872,25,0,1,3.598998546600342,1.1763486862182617,0.9368024468421936,0.5065657496452332,0,0.0033828357700258493,0.004333538934588432,0.05253463611006737,0,3,8.65938663482666,8.200418472290039,85,415,207.5,81,48,1,17.600000381469727,100.5667724609375,0.17873214185237885,girgenti,girgenti
1,0.2842317819595337,3,0,1,4.486114025115967,0.486417293548584,0.9996369481086731,0.4739062190055847,0,6.814099033363163e-4,0.06339068710803986,0.03475544974207878,1,3,8.728263854980469,9.41891860961914,760,952,461,56,56,0,14,198.07777404785156,0.18231430649757385,sciacca,girgenti
0,0.2842317819595337,3,0,1,6.624125003814697,1.5111699104309082,0.998991072177887,0.6509935259819031,0,0,0.037119071930646896,0.10081859678030014,0,1,9.207536697387695,9.285102844238281,119,398,199,58,58,1,17.700000762939453,141.3182373046875,0.21716901659965515,sciacca,girgenti
1,0.2842317819595337,3,0,0,2.0972793102264404,0.3919389545917511,0.9982154369354248,0.6297198534011841,0,0.001795825082808733,0.008559134788811207,0.021261395886540413,0,1,8.0070343017578125,9.12304973602295,366,570,251,51,51,0,16.200000762939453,150.75604248046875,0.20916743576526642,sciacca,girgenti
1,0.2842317819595337,3,0,1,14.677131652832031,3.332427501678467,0.9975578188896179,0.6155452132225037,0,0.008312148973345757,0.04839792102575302,0.08030438423156738,3,2,9.102977752685547,8.018576622009277,369,1179,544.5,50,50,1,16.600000381469727,157.63723754882812,0.20388807356357574,sciacca,girgenti
1,0.2842317819595337,3,0,1,4.76530647277832,1.4396464824676514,0.9995455145835876,0.5979595184326172,0,0,0.050335682928562164,0.0259102750569582,1,3,9.567455291748047,9.837696075439453,60,901,450.5,64,64,1,18.100000381469727,105.23235321044922,0.25587791204452515,sciacca,girgenti
1,0.2842317819595337,3,0,1,6.932668685913086,1.4103524684906006,0.9992074370384216,0.7882055640220642,0,0.0014318587491288781,0.040222540497779846,0.07356957346200943,0,1,8.911125183105469,8.757245063781738,465,470,190,50,50,0,16,152.2083740234375,0.20801423490047455,sciacca,girgenti
0,0.8889433145523071,35,0,0,1.896298885345459,0,0.8355593681335449,0.46526995301246643,0,0,0,0.029457492753863335,0,NA,6.943122386932373,8.005664825439453,475,1374,466,182,25,0,15.199999809265137,163.95274353027344,0.20103155076503754,castroreale,messina
0,1.0282419919967651,17,0,0,25.32908821105957,3.9706785678863525,1,0.16301657259464264,0,0.06338084489107132,0.19165238738059998,0.2653506398200989,1,1,9.915712356567383,8.538468360900879,55,1180,590,149,6,1,18.100000381469727,148.11221313476562,0.1555476039648056,castroreale,messina
0,0.6989157795906067,28,0,0,5.635240077972412,0,1,0.5959516763687134,0,0,0.01568087562918663,0.09543150663375854,0,NA,7.3987860679626465,6.816946983337402,550,802,139,144,22,0,15.300000190734863,193.03536987304688,0.20412476360797882,castroreale,messina
0,0.90921950340271,35,0,0,7.208323955535889,0,1,0.3446483016014099,0,0.018135618418455124,0.010724499821662903,0.0862264558672905,0,NA,7.843848705291748,7.471158027648926,420,1287,603.5,211,24.5,0,16.600000381469727,163.67556762695312,0.21789264678955078,castroreale,messina
0,1.0351916551589966,35,0,0,6.280869007110596,0.4764053225517273,1,0.18671618402004242,0,0.011655601672828197,0.054874859750270844,0.03743167594075203,0,1,8.929699897766113,8.947002410888672,394,1290,645,153,9,1,17.349998474121094,136.98025512695312,0.237807497382164,castroreale,messina
0,0.9459343552589417,35,0,0,14.511617660522461,0,1,0.44273823499679565,0,0.025567220523953438,0.10922073572874069,0.21372979879379272,0,0,7.5310163497924805,6.703670024871826,429,670,335,205,21.5,0,17.799999237060547,155.9374542236328,0.21458876132965088,castroreale,messina
0,0.8046295046806335,35,0,0,4.338862419128418,0.556215226650238,0.8594028353691101,0.4640255868434906,0,0.0027631453704088926,9.660731302574277e-4,0.026727311313152313,0,0,8.299782752990723,8.785967826843262,330,1340,560,206,22.5,0,16.299999237060547,187.0609893798828,0.2104652374982834,castroreale,messina
0,NA,NA,0,0,18.275192260742188,0,0.9994310736656189,0.3670039474964142,0,0.01782248727977276,0.2753606140613556,0.22261449694633484,0,0,7.642044544219971,6.89296293258667,145,290,145,140,12,1,17.600000381469727,135.12857055664062,0.4126874506473541,castroreale,messina
0,0.8516998291015625,35,0,0,11.615958213806152,0,1,0.5468305349349976,0,0.014074881561100483,0.03826059401035309,0.050441350787878036,0,NA,6.295266151428223,6.2661333084106445,120,740,320,197,16.5,1,17.399999618530273,165.75462341308594,0.19439826905727386,castroreale,messina
0,0.9975619912147522,35,0,0,7.809788227081299,0,1,0.35838353633880615,0,0.02109101228415966,0.056253306567668915,0.07365032285451889,0,0,7.4662275314331055,6.6440534591674805,5,700,350,204,18.5,1,16.700000762939453,146.8595428466797,0.2126655876636505,castroreale,messina
0,0.869820773601532,35,0,0,8.738960266113281,0,0.7625348567962646,0.31611645221710205,0,0,0.03104027546942234,0.0679992139339447,0,0,7.512617588043213,6.561361789703369,360,1181,540.5,202,19.5,1,16.399999618530273,168.55320739746094,0.20287473499774933,castroreale,messina
0,0.9141429662704468,35,0,0,8.245251655578613,0,0.9999708533287048,0.33840033411979675,0,0.054359208792448044,0.028334124013781548,0.2179856151342392,0,NA,7.480428218841553,6.490309238433838,575,919,409.5,212,23.5,0,15,163.94667053222656,0.21785180270671844,castroreale,messina
0,0.6989157795906067,28,0,0,8.16160774230957,0,0.7233477830886841,0.20709365606307983,0,0.011992854997515678,0.031657736748456955,0.2671089768409729,0,NA,6.008813381195068,4.631385803222656,325,658,218,213,24.5,1,18.200000762939453,186.7177734375,0.2602026164531708,castroreale,messina
0,0.7725890874862671,28,0,0,3.1278138160705566,0,0.8673376441001892,0.1668739765882492,0,0.0019709384068846703,0.007113911677151918,0.001831939211115241,0,NA,7.22838830947876,6.194347381591797,710,1324,638,182,36.5,0,14,195.89805603027344,0.21354398131370544,castroreale,messina
0,NA,NA,0,0,9.51082992553711,0,0.9997665882110596,0.11514344066381454,0,0.019974594935774803,0.18478967249393463,0.060713786631822586,0,NA,7.114769458770752,5.96369743347168,110,722,322.5,142,17,0,17.299999237060547,183.04371643066406,0.27012068033218384,castroreale,messina
0,1.0282419919967651,17,0,0,29.287460327148438,0,0.9997196197509766,0.2416243702173233,0,0.08245254307985306,0.28094422817230225,0.23792368173599243,1,NA,7.118016242980957,4.824928283691406,74,142,50,151,8,0,18.100000381469727,147.3052520751953,0.15810392796993256,castroreale,messina
0,0.7675902247428894,28,0,0,5.684419631958008,0,0.8915798664093018,0.3799029290676117,0,9.963569464161992e-4,0.0015009718481451273,0.10789233446121216,0,0,5.8749308586120605,6.51957368850708,538,1162,321,180,36.5,0,15.100000381469727,200.65545654296875,0.21862149238586426,castroreale,messina
0,0.9863523244857788,35,0,0,4.153838157653809,0,0.6453722715377808,0.22857075929641724,0,0.015897804871201515,0.009307018481194973,0.04213828593492508,0,NA,6.924612522125244,7.230545520782471,550,827,376.5,199,15.5,1,16.200000762939453,148.93386840820312,0.21285855770111084,castroreale,messina
0,0.9377074241638184,35,0,0,4.654628753662109,0,0.8653923869132996,0.4528115689754486,0,0,0.008782248944044113,0.09195531904697418,0,NA,7.547501564025879,7.606541633605957,375,1000,362.5,214,20.5,0,15,158.80734252929688,0.21554873883724213,castroreale,messina
0,0.6989157795906067,28,0,0,3.378680944442749,0.633246898651123,1,0.5167093873023987,0,0,0.004973496310412884,0.04904363304376602,0,0,8.366137504577637,8.33758544921875,907,1343,530.5,150,32,0,13.199999809265137,218.9813690185547,0.23875126242637634,castroreale,messina
0,0.823324978351593,35,0,0,5.11592435836792,0,0.7492315173149109,0.3077338933944702,0,0.007880713790655136,0.01283189095556736,0.05754365026950836,0,0,7.388946056365967,7.622970104217529,400,1374,587,188,21.5,1,16,179.88526916503906,0.20727625489234924,castroreale,messina
0,0.8001015782356262,35,0,0,2.877568006515503,0.4544213116168976,0.8188575506210327,0.30700933933258057,0,0.013547287322580814,0.008848429657518864,0.059891775250434875,0,0,8.8939847946167,8.681735038757324,680,1340,558,152,20,0,14.149999618530273,174.58224487304688,0.1861274093389511,castroreale,messina
0,0.9155805110931396,35,0,0,6.459408760070801,0,0.9999576807022095,0.4839092195034027,0,0.057037603110075,0,0.07278963923454285,0,NA,6.0185933113098145,4.412570953369141,723,1000,211.5,215,22.5,0,14.699999809265137,163.646728515625,0.2177010476589203,castroreale,messina
0,0.7544521689414978,28,0,0,4.081129550933838,0.48089244961738586,0.7590413093566895,0.430200457572937,0,0.001380746136419475,0.002509237267076969,0.018912460654973984,0,0,8.073091506958008,8.565497398376465,813,1379,439.5,178,35.5,0,12.75,196.0413818359375,0.21135860681533813,castroreale,messina
0,0.9099357724189758,35,0,0,8.4166107177734375,0.5722275376319885,1,0.25318291783332825,0,0.01961546018719673,0.01168015319854021,0.16063295304775238,0,0,8.404472351074219,7.82570219039917,6,1232,616,212,22.5,0,17.450000762939453,163.0832061767578,0.2176647186279297,castroreale,messina
0,1.0351916551589966,35,0,0,17.695680618286133,4.8971638679504395,0.999329149723053,0.6686664819717407,0,0.02985502779483795,0.045174576342105865,0.09643954783678055,0,0,8.485496520996094,7.257524013519287,5,900,450,197,14,1,17.600000381469727,139.9740753173828,0.1961146891117096,castroreale,messina
0,0.8604851961135864,28,0,0,4.233978271484375,0,0.9999349117279053,0.3256742060184479,0,7.598307565785944e-4,0.02482607588171959,0.03767809644341469,0,0,7.912423133850098,8.407230377197266,460,1305,629.5,148,20,1,16.200000762939453,182.0847930908203,0.2045806348323822,castroreale,messina
0,1.0299874544143677,35,0,0,5.806717395782471,0.6553542017936707,1,0.20694416761398315,0,0.01916741207242012,0.02934188023209572,0.11620896309614182,1,0,7.9047040939331055,8.115582466125488,7,1253,626.5,219,19,0,16.600000381469727,144.03915405273438,0.12633591890335083,messina,messina
0,1.0275346040725708,17,0,0,18.31206703186035,0,1,0.26549476385116577,0,0.024378634989261627,0.1910681426525116,0.4004727303981781,0,NA,7.002155780792236,5.377466201782227,22,190,95,164,20,0,18,153.90098571777344,0.1213151216506958,messina,messina
0,1.0276620388031006,17,0,0,5.867529392242432,0,1,0.09790163487195969,0,0.016193771734833717,0.07972317934036255,0.19981709122657776,0,NA,6.990256309509277,6.560398101806641,110,555,231.5,160,22,0,18,159.28282165527344,0.11766723543405533,messina,messina
0,1.027329921722412,17,0,0,15.326048851013184,0,0.9995805621147156,0.2477404922246933,0,0.04342132806777954,0.2324545681476593,0.28496500849723816,0,NA,7.00669527053833,6.171262264251709,58,421,200.5,161,7,0,17.600000381469727,145.44418334960938,0.1373056024312973,messina,messina
0,1.0302581787109375,35,0,0,5.145060062408447,1.1795217990875244,0.8542699217796326,0.09160855412483215,0,0.0072647323831915855,0.00900778267532587,0.040351010859012604,1,0,8.552946090698242,7.859730243682861,12,1220,610,215,20,1,17.450000762939453,143.94105529785156,0.1269187033176422,messina,messina
0,1.0273003578186035,17,0,0,6.268152713775635,1.5906022787094116,0.9999163746833801,0.08789874613285065,0,0.01896197348833084,0.11341199278831482,0.03835286200046539,0,1,7.951911449432373,7.273289680480957,80,830,395,163,9,1,18,144.89596557617188,0.13834431767463684,messina,messina
0,1.029194712638855,29,0,0,11.307818412780762,0,1,0.14358404278755188,0,0.0521499365568161,0.16376300156116486,0.09454897791147232,1,NA,6.851184844970703,5.195862293243408,6,790,395,214.5,14.5,0,18.299999237060547,144.72830200195312,0.12461559474468231,messina,messina
0,1.0292357206344604,17,0,0,12.200167655944824,0,1,0.13727840781211853,0,0.02798592858016491,0.0768243744969368,0.1368386596441269,1,NA,7.528869152069092,6.520754814147949,195,1253,626.5,216,15,1,17.75,144.94065856933594,0.1243671178817749,messina,messina
0,NA,NA,0,0,2.434500217437744,1.1684356927871704,0.586071789264679,0.08719698339700699,0,0.0045784697867929935,0.004417634569108486,0.11367275565862656,0,NA,9.859169960021973,9.174970626831055,5,962,481,90,24,0,17.924999237060547,NA,NA,messina,messina
0,1.0326594114303589,35,0,0,2.4804422855377197,0,0.7505592107772827,0.18804028630256653,0,0.00432146480306983,0.005806746892631054,0.06248265132308006,1,0,6.978213787078857,6.895296096801758,425,1216,508,216,25,0,14.899999618530273,170.77044677734375,0.13456352055072784,messina,messina
0,1.0282419919967651,17,0,0,20.127145767211914,20.625713348388672,0.9939835071563721,0.15036934614181519,0,0.03215184435248375,0.07747539132833481,0.22314557433128357,0,0,11.545624732971191,9.722306251525879,5,1124,562,229,0,1,18.399999618530273,180.40499877929688,0.12042815238237381,messina,messina
0,1.0282419919967651,17,0,0,19.735034942626953,9.188630104064941,1,0.087359219789505,0,0.015951771289110184,0.19797809422016144,0.6036280989646912,0,1,9.312536239624023,7.396307468414307,5,135,67.5,155,0,1,18.299999237060547,135.12857055664062,0.20438911020755768,messina,messina
0,1.027350902557373,17,0,0,2.4403531551361084,0.2800387740135193,1,0.07978195697069168,0,0.003246544161811471,0.008287863805890083,0.03462839126586914,0,NA,8.012681007385254,8.728357315063477,260,1080,540,165,25,0,16.899999618530273,148.67735290527344,0.12721116840839386,messina,messina
0,1.027429223060608,17,0,0,5.108949184417725,0.4850052297115326,0.999663233757019,0.2857241928577423,0,0.003861417295411229,0.03395761176943779,0.06217294931411743,0,0,8.199463844299316,7.962989807128906,480,1076,538,163,26,1,15.600000381469727,151.6390838623047,0.12300261110067368,messina,messina
0,1.0309945344924927,35,0,0,5.357586860656738,0.7437200546264648,0.7677578926086426,0.15111829340457916,0,0.024503439664840698,0.025311270728707314,0.07374753803014755,1,0,8.15478801727295,7.686623573303223,10,1232,616,212,17,0,17.450000762939453,144.80198669433594,0.13537994027137756,messina,messina
0,1.027381181716919,17,0,0,12.253172874450684,1.6007273197174072,0.9285396933555603,0.31920501589775085,0,0.054748594760894775,0.14914867281913757,0.10652918368577957,0,0,7.779048442840576,6.744090557098389,341,535,267.5,164,21,1,17.600000381469727,148.94215393066406,0.12745028734207153,messina,messina
0,1.0282419919967651,17,0,0,7.490992546081543,0.8812435269355774,1,0.10217162221670151,0,0.015630045905709267,0.07061576843261719,0.07735652476549149,0,1,9.054037094116211,9.074817657470703,123,1279,639.5,155,12,1,17.66666603088379,150.3070068359375,0.1489160656929016,messina,messina
0,1.0275795459747314,17,0,0,6.230642795562744,1.4256539344787598,1,0.09951700270175934,0,0.025560200214385986,0.04269198328256607,0.07049150764942169,0,0,8.075582504272461,7.715134143829346,180,1128,493.5,160,23,1,18,156.3964080810547,0.11915495246648788,messina,messina
0,1.0293288230895996,29,0,0,22.228084564208984,0,0.9995982646942139,0.13008642196655273,0,0.04087512567639351,0.2247270941734314,0.28463366627693176,1,NA,7.0228681564331055,5.024774074554443,8,194,93,217,12,0,18.299999237060547,144.26663208007812,0.12527625262737274,messina,messina
0,1.0274333953857422,17,0,0,16.45977783203125,3.690573215484619,0.9466255307197571,0.39547857642173767,0,0.030519405379891396,0.24364937841892242,0.0912482962012291,0,0,7.955074310302734,6.772323131561279,4,535,267.5,132,17,0,18.299999237060547,148.92811584472656,0.129170224070549,messina,messina
0,1.0273363590240479,17,0,0,8.827057838439941,1.9040669202804565,0.9991945624351501,0.2894427478313446,0,0.04282703250646591,0.07517778873443604,0.21521353721618652,0,NA,8.359369277954102,7.361414909362793,294,1279,639.5,165,11,1,17.200000762939453,147.64842224121094,0.12959355115890503,messina,messina
0,1.0271823406219482,17,0,0,8.878571510314941,0,0.9999030828475952,0.04208160191774368,0,0.004542423412203789,0.021783608943223953,0.16559578478336334,0,NA,7.091742038726807,6.9860453605651855,125,1080,477.5,224,9,0,18.399999618530273,148.45697021484375,0.12461410462856293,messina,messina
0,1.0274174213409424,17,0,0,15.409416198730469,0,0.9573906660079956,0.44396892189979553,0,0.044455599039793015,0.28825095295906067,0.1396118551492691,0,NA,6.470799446105957,5.324218273162842,215,241,120.5,164,20,0,17.566667556762695,149.05776977539062,0.1282845288515091,messina,messina
0,1.027449369430542,17,0,0,14.753015518188477,0,0.959102988243103,0.4821165204048157,0,0.02193657122552395,0.20607644319534302,0.10679157823324203,0,0,6.875232219696045,5.796586513519287,310,360,180,164,20,0,16.899999618530273,150.48043823242188,0.125684916973114,messina,messina
0,NA,NA,0,0,2.698850393295288,0.585680365562439,0.7679676413536072,0.2194434553384781,0,0.005779620260000229,0,0.03766268864274025,0,2,8.206037521362305,8.579610824584961,1138,1692,521,80,45,0,12.100000381469727,NA,NA,mistretta,messina
0,NA,NA,0,0,2.0577211380004883,0.08728673309087753,0.9999319911003113,0.3461960256099701,0,5.156917613931e-4,0.007636530324816704,0.010391377843916416,0,NA,8.202208518981934,9.982391357421875,302,1692,846,78,30,1,17.700000762939453,NA,NA,mistretta,messina
0,0.7709423303604126,6,0,0,3.136368989944458,0,0.9999623894691467,0.45188108086586,0,0,0.005442961119115353,0.018553724512457848,0,3,7.591861724853516,7.916043758392334,776,1347,568.5,78,39,0,14.100000381469727,199.1069793701172,0.1343272179365158,mistretta,messina
1,0.6989157795906067,28,0,0,1.6411933898925781,0.0862269252538681,0.9999901652336121,0.24501405656337738,0,0,0,0.00813489779829979,1,3,8.139732360839844,9.943132400512695,1160,1847,638.5,111,46,0,11.399999618530273,186.7177734375,0.2602026164531708,mistretta,messina
0,0.7709423303604126,6,0,0,4.419139385223389,2.5784263610839844,1,0.384992778301239,0,0.0033838124945759773,0.04504450783133507,0.07247014343738556,0,3,9.272188186645508,9.475077629089355,960,1567,678.5,78,33,0,13,199.1069793701172,0.1343272179365158,mistretta,messina
0,0.7709423303604126,6,0,0,10.591458320617676,1.1420925855636597,0.9993799328804016,0.39192429184913635,0,0.002546862931922078,0.299688458442688,0.07278267294168472,0,1,7.6610565185546875,7.049185752868652,660,924,462,73,30,1,14.300000190734863,199.1069793701172,0.1343272179365158,mistretta,messina
0,0.7709423303604126,6,0,0,8.982952117919922,0.228033185005188,1,0.43390989303588867,0,0.009985864162445068,0.19617867469787598,0.08972355723381042,0,1,7.629004001617432,7.773050308227539,353,924,397.5,73,32,0,15.899999618530273,199.1069793701172,0.1343272179365158,mistretta,messina
0,0.7709423303604126,6,0,0,10.927094459533691,0,1,0.19146208465099335,0,0.009204943664371967,0.3193575441837311,0.2969542145729065,0,0,7.042286396026611,6.864506244659424,375,990,495,76,27,0,16.399999618530273,199.1069793701172,0.1343272179365158,mistretta,messina
0,NA,NA,0,0,4.20268440246582,0.8499940633773804,0.9995286464691162,0.3238641619682312,0,0.018666649237275124,0.02672445774078369,0.022448545321822166,1,2,8.8818359375,8.979589462280273,670,1676,838,93,65,1,16.299999237060547,NA,NA,mistretta,messina
0,0.7709423303604126,6,0,0,8.014167785644531,2.6218643188476562,1,0.20973320305347443,0,0.0053056105971336365,0.21586592495441437,0.23069138824939728,0,1,8.360539436340332,7.483073711395264,70,1167,583.5,75,24,1,17.700000762939453,199.1069793701172,0.1343272179365158,mistretta,messina
0,0.6989157795906067,28,0,0,2.24393367767334,0,0.9999629259109497,0.4542861878871918,0,0,0,0.020756473764777184,1,3,6.978213787078857,7.071310997009277,1150,1371,350.5,110,47,0,11.699999809265137,186.7177734375,0.2602026164531708,mistretta,messina
0,0.7709423303604126,6,0,0,6.886019706726074,1.1766071319580078,0.9998698830604553,0.38528403639793396,0,0.003882079618051648,0.06633203476667404,0.11457648873329163,0,2,8.308198928833008,8.539773941040039,613,1055,527.5,66,33,1,15.199999809265137,199.1069793701172,0.1343272179365158,mistretta,messina
0,0.6989157795906067,28,0,0,2.143442392349243,0.4195462167263031,0.9999645352363586,0.3450065553188324,0,0.0011149224592372775,0.014028800651431084,0.017734529450535774,0,NA,7.651595592498779,8.31581974029541,380,1478,551,104,54,0,15.5,186.7177734375,0.2602026164531708,patti,messina
0,NA,NA,0,0,9.7076568603515625,0,0.9991808533668518,0.3224642276763916,0,0.002259560627862811,0.11078178137540817,0.08628275990486145,0,NA,7.051855564117432,6.089718341827393,45,693,346.5,120,36,0,18,NA,NA,patti,messina
0,0.6989157795906067,28,0,0,6.444921970367432,0,0.9997852444648743,0.5888839364051819,0,0,0.04491149261593819,0.03539472818374634,0,NA,6.714170455932617,6.23895788192749,440,660,320,103,54,0,16,186.7177734375,0.2602026164531708,patti,messina
0,0.6989157795906067,28,0,0,10.009491920471191,1.638033390045166,0.999282717704773,0.35751357674598694,0,0.045238249003887177,0.04836965724825859,0.07491256296634674,0,NA,7.690286159515381,6.715814113616943,510,1077,491,171,8,0,14.600000381469727,186.7177734375,0.2602026164531708,patti,messina
0,0.6989157795906067,28,0,0,10.808866500854492,1.3120651245117188,0.9987388849258423,0.2839779257774353,0,0.004467723425477743,0.1498635858297348,0.09467333555221558,0,0,7.766417026519775,7.021292686462402,470,840,370,113,40,1,15.899999618530273,186.7177734375,0.2602026164531708,patti,messina
0,0.6989157795906067,28,0,0,1.1739141941070557,0,1,0.6431431770324707,0,0,0,0,0,NA,6.839476585388184,8.030213356018066,1265,1512,206,119,44,0,11,212.1068572998047,0.24067401885986328,patti,messina
0,0.6989157795906067,28,0,0,5.946537971496582,0,0.9994884729385376,0.4044862985610962,0,0,0.10466821491718292,0.058741431683301926,0,NA,7.007600784301758,6.245182991027832,555,1020,410,105,56,0,15.399999618530273,186.7177734375,0.2602026164531708,patti,messina
0,0.6989157795906067,28,0,0,2.435978412628174,0.5886293053627014,0.9358648061752319,0.24999572336673737,0,0,0.0133886793628335,0.036393847316503525,0,1,7.674617290496826,7.9581074714660645,800,1650,725,222,58,0,13.300000190734863,186.7177734375,0.2602026164531708,patti,messina
0,NA,NA,0,0,6.678876876831055,0.7977306246757507,0.9959471821784973,0.33873826265335083,0,0.004267405718564987,0.08859380334615707,0.12350728362798691,0,0,8.43901538848877,7.3384013175964355,30,1022,511,118,33,0,18,NA,NA,patti,messina
0,0.6989157795906067,28,0,0,4.391201496124268,0,1,0.4035622477531433,0,0.0034378054551780224,0.013371969573199749,0.07768016308546066,0,NA,7.601902008056641,7.260397911071777,506,1103,483,131,29,0,15.300000190734863,191.75758361816406,0.20423731207847595,patti,messina
0,0.6989157795906067,28,0,0,2.01507830619812,0,1,0.1283869594335556,0,0,0.005635296460241079,0.020959531888365746,0,NA,7.319864749908447,7.888896942138672,625,1757,778.5,105,57,0,15.100000381469727,186.7177734375,0.2602026164531708,patti,messina
0,0.6989157795906067,28,0,0,2.8429741859436035,0.8033544421195984,0.7099003195762634,0.24002869427204132,0,0.009222777560353279,0.012077718041837215,0.011887388303875923,0,1,8.669914245605469,8.5603790283203125,25,1491,745.5,101,50,1,17.200000762939453,186.7177734375,0.2602026164531708,patti,messina
0,0.6989157795906067,28,0,0,9.288604736328125,0,0.9993322491645813,0.45211857557296753,0,0,0.08034208416938782,0.08082422614097595,0,NA,7.304515838623047,6.518128395080566,440,660,320,104,55,1,16.100000381469727,186.7177734375,0.2602026164531708,patti,messina
0,0.6989157795906067,28,0,0,6.974508762359619,0.5137317180633545,1,0.31873100996017456,0,0.011600813828408718,0.02621576376259327,0.1555938571691513,0,0,7.707961559295654,7.264944553375244,300,1093,421.5,130,26,1,16.299999237060547,161.33290100097656,0.2492002695798874,patti,messina
0,0.6989157795906067,28,0,0,8.97695255279541,0.7130545377731323,1,0.3517662286758423,0,0.01029947865754366,0.10322263836860657,0.06195838376879692,0,0,9.129672050476074,8.0154447555542,497,590,295,108,40,1,16.75,186.7177734375,0.2602026164531708,patti,messina
0,NA,NA,0,0,4.872519016265869,0,0.9997875690460205,0.15354305505752563,0,0.010174782946705818,0.05263940617442131,0.05866936221718788,0,NA,7.407924175262451,7.353616714477539,3,576,288,132,33,1,18.200000762939453,135.12857055664062,0.4126874506473541,patti,messina
0,NA,NA,0,1,7.11438512802124,2.796391725540161,1,0.40832364559173584,0,0.004290680401027203,0.06885375082492828,0.11105931550264359,0,0,8.932476997375488,8.361326217651367,152,795,397.5,127,24,1,18,135.12857055664062,0.4126874506473541,patti,messina
0,NA,NA,0,0,10.817660331726074,0.7974563837051392,0.9962661862373352,0.45798859000205994,0,0.002869677497074008,0.0889773964881897,0.07932701706886292,0,0,8.149601936340332,7.381833553314209,416,693,346.5,117,39,0,16.399999618530273,NA,NA,patti,messina
0,0.6989157795906067,28,0,0,3.121631383895874,0.5860363841056824,0.9998995065689087,0.45116060972213745,0,0,0.013245734386146069,0.03480459377169609,0,0,7.731053352355957,7.573770999908447,650,1395,488,122,36,0,14.100000381469727,215.1243896484375,0.2389581799507141,patti,messina
0,0.6989157795906067,28,0,0,7.230937480926514,0.7804507613182068,1,0.19943712651729584,0,0.05016343295574188,0.027011491358280182,0.04445801302790642,0,0,8.565220832824707,7.578885078430176,380,1103,451.5,120,42,1,15.899999618530273,186.7177734375,0.2602026164531708,patti,messina
0,0.6989157795906067,28,0,0,8.999001502990723,0,0.9998844861984253,0.4736517369747162,0,0.04582909494638443,0.0717320591211319,0.06725776195526123,0,NA,8.042699813842773,7.360422611236572,300,1077,503.5,116,48,0,16.299999237060547,186.7177734375,0.2602026164531708,patti,messina
0,0.6989157795906067,28,0,0,4.233326435089111,0,0.7683625221252441,0.4271918535232544,0,0.014563716016709805,0.013547126203775406,0.01090190652757883,0,NA,7.538495063781738,7.892204284667969,551,1226,613,100,50,1,16.700000762939453,186.7177734375,0.2602026164531708,patti,messina
0,0.6989157795906067,28,0,0,4.013547420501709,0.6258500218391418,1,0.548797607421875,0,0.0018868789775297046,0.021148350089788437,0.05958660691976547,0,0,8.159375190734863,7.931605815887451,440,1267,496,128,33,0,15.800000190734863,216.86239624023438,0.23858904838562012,patti,messina
0,0.6989157795906067,28,0,0,6.321804046630859,0,1,0.28751787543296814,0,0.0016570789739489555,0.03167635574936867,0.04330066591501236,0,1,7.5574727058410645,7.0287909507751465,615,965,435,108,47,0,14.800000190734863,186.7177734375,0.2602026164531708,patti,messina
0,0.6989157795906067,28,0,0,3.1444904804229736,0.34443530440330505,0.9998655319213867,0.37507131695747375,0,0,0,0.020798610523343086,0,1,8.7710599899292,8.5479736328125,490,1650,655,113,52,0,15.199999809265137,211.9419708251953,0.24080708622932434,patti,messina
0,0.6989157795906067,28,0,0,6.007474899291992,1.0517950057983398,0.9998498558998108,0.2652285397052765,0,0.009005331434309483,0,0,0,NA,8.012018203735352,7.305666446685791,750,1395,488,120,40,0,13.300000190734863,213.58761596679688,0.2396615594625473,patti,messina
0,0.6216933727264404,12,0,0,4.348227024078369,0.22454580664634705,0.9476155042648315,0.6384425163269043,0,0.0015035896794870496,0.022111088037490845,0.03765197470784187,0,0,7.837948799133301,9.2824554443359375,199,265,132.5,135,68,1,16.5,166.6988067626953,0.1597066968679428,modica,noto
0,0.6869761347770691,12,0,1,5.645071983337402,0.6960570812225342,0.9996392130851746,0.5322633385658264,0,4.256207321304828e-4,0.07585408538579941,0.11723258346319199,0,0,9.020752906799316,9.259468078613281,662,906,352,140,56.5,0,14.100000381469727,159.99160766601562,0.15714238584041595,modica,noto
1,0.328374981880188,32,0,1,9.17396354675293,4.682741165161133,0.9981574416160583,0.6213667392730713,0,0.0019520935602486134,0.17705807089805603,0.04450763761997223,0,2,9.66795539855957,8.2070951461792,185,570,260,150,78,1,16.700000762939453,153.14198303222656,0.2105521559715271,modica,noto
0,0.6216933727264404,12,0,0,5.428206443786621,0.4752635359764099,0.9988682866096497,0.7642127275466919,0,0.0020404548849910498,0,0.06647948175668716,0,0,7.851272106170654,8.342540740966797,582,980,275,120,64,1,15,174.52333068847656,0.17275720834732056,modica,noto
0,0.3501642048358917,32,0,1,10.299077987670898,1.569987177848816,0.9898108839988708,0.6770451664924622,0,0,0.0029479542281478643,0.059841420501470566,0,0,10.327021598815918,9.859457969665527,371,560,280,165,44,1,15.899999618530273,140.91192626953125,0.26620712876319885,modica,noto
0,0.7578749060630798,12,0,1,4.199326038360596,0.90904301404953,0.999643862247467,0.7635788321495056,0,1.8971400277223438e-4,0.008942775428295135,0,0,0,8.505525588989258,8.475486755371094,691,906,258,150,61,0,14.199999809265137,161.95269775390625,0.15072157979011536,modica,noto
0,0.5234060883522034,32,0,0,8.3291597366333,3.0926437377929688,0.9987164735794067,0.3920561671257019,0,0,0,0.059793464839458466,0,0,7.928045749664307,7.2461838722229,3,158,79,171,56,1,17.799999237060547,114.83110809326172,0.2907915413379669,modica,noto
1,0.4478003680706024,32,0,1,5.726480960845947,0.8154805302619934,0.9744097590446472,0.8244438171386719,0,6.876073312014341e-4,0,0.011233500204980373,0,0,9.998251914978027,10.639022827148438,497,864,432,151,49,1,15,149.6100311279297,0.2135436236858368,modica,noto
1,0.06136579439043999,32,0,1,7.867103099822998,1.1774967908859253,0.9997332692146301,0.6832426190376282,0,1.1938429088331759e-4,0.002645031549036503,0.05917572230100632,0,0,9.233177185058594,9.40312671661377,120,415,207.5,154,61,1,17.200000762939453,130.36578369140625,0.4729219973087311,modica,noto
0,0.06136579439043999,32,0,0,3.9011664390563965,0.6769899129867554,0.9022542238235474,0.7017284035682678,0,0.0010307941120117903,0.0013773198006674647,5.185907939448953e-4,0,0,8.00202465057373,8.383489608764648,87,232,116,152,90,1,17.399999618530273,130.36578369140625,0.4729219973087311,modica,noto
0,0.6298043131828308,21,0,1,7.061429500579834,0.6519245505332947,0.9989252090454102,0.7095997333526611,0,7.309648208320141e-4,0.0014869944425299764,0.052119627594947815,0,0,8.927845001220703,9.1490631103515625,170,311,155.5,150,37,1,16.899999618530273,114.7292251586914,0.28337469696998596,modica,noto
1,0.3218143880367279,32,0,1,5.02311897277832,0.6266740560531616,0.9259187579154968,0.505703330039978,0,0.0011421614326536655,0.05051736161112785,0.28160327672958374,0,2,9.671239852905273,9.66107177734375,168,233,116.5,152,74,1,16.700000762939453,150.890869140625,0.2359108179807663,modica,noto
0,0.990548849105835,21,0,1,7.165003299713135,2.526712417602539,0.9988148212432861,0.5105720162391663,0,0.002682057674974203,0.025912176817655563,0.08921115100383759,1,0,9.29963207244873,8.824889183044434,40,517,258.5,174,17,1,17.600000381469727,126.61691284179688,0.25455671548843384,noto,noto
0,0.8011788725852966,12,0,0,6.030937671661377,0.9610878825187683,0.9990109205245972,0.4215586185455322,0,1.2245422112755477e-4,0.025789838284254074,0.08079398423433304,0,0,8.292298316955566,8.584443092346191,820,987,393.5,144,46,0,13.899999618530273,158.66526794433594,0.15967699885368347,noto,noto
0,0.784599781036377,12,0,0,5.726437568664551,0.5475189089775085,0.9979680180549622,0.7642658352851868,0,0.001968932803720236,0.011247780174016953,0.04884032905101776,0,0,7.7794671058654785,8.396600723266602,760,987,290,168,42,1,13.899999618530273,158.1787567138672,0.16243448853492737,noto,noto
0,0.8132492899894714,34,0,0,5.058659553527832,0,0.9992024302482605,0.2905329763889313,0,0,0.029974546283483505,0.029627585783600807,0,0,7.362645149230957,7.542971611022949,572,659,173,151,46,0,14.899999618530273,154.03118896484375,0.17991317808628082,noto,noto
0,0.8005133867263794,34,0,0,4.237894535064697,2.040600299835205,0.9549327492713928,0.6679373979568481,0,0,0,0.11721253395080566,0,0,8.168203353881836,7.651825428009033,555,891,241,150,51,0,14.800000190734863,155.40957641601562,0.183831125497818,noto,noto
0,0.8476622104644775,21,0,1,3.3796558380126953,0.5206474661827087,0.9671524167060852,0.6060291528701782,0,0,0.0027561259921640158,0.03294951841235161,1,1,9.59007740020752,10.97661304473877,159,708,354,169,22,1,17.299999237060547,133.89767456054688,0.2926534116268158,noto,noto
0,0.9865146279335022,9,0,1,8.233396530151367,2.432924747467041,0.999366044998169,0.7291803956031799,0,0,0,0.019731519743800163,1,0,8.503702163696289,7.249608039855957,65,71,35.5,180,35,1,17.75,70.14595031738281,0.2873994708061218,noto,noto
0,0.8247019648551941,12,0,1,5.056560039520264,1.5602145195007324,0.9665643572807312,0.6779781579971313,0,0,0,0.03002791479229927,0,0,9.103534698486328,8.98385238647461,697,771,242.5,161,40,1,14.300000190734863,153.61863708496094,0.16859030723571777,noto,noto
0,0.6800796389579773,21,0,1,6.794780254364014,0.6131781935691833,0.9862300157546997,0.7914756536483765,0,0.0012460879515856504,4.884703666903079e-4,0.009334424510598183,0,0,8.674367904663086,8.8748779296875,136,471,204.5,161,32,1,17.200000762939453,125.74935150146484,0.2463739961385727,noto,noto
0,0.9264994859695435,33,0,1,6.011249542236328,1.094083309173584,0.9989690184593201,0.6313152313232422,0,0.005682376679033041,0.035323116928339005,0.04354759305715561,1,0,9.183483123779297,9.382509231567383,15,218,109,142,34,1,17.799999237060547,154.89173889160156,0.21424145996570587,siracusa,noto
0,0.870513916015625,33,0,1,7.298295497894287,2.2809793949127197,0.9997527599334717,0.7954758405685425,0,0,0,0.0299319326877594,0,0,8.548691749572754,7.1310272216796875,362,474,113.5,144,16,0,16,142.60459899902344,0.20601694285869598,siracusa,noto
0,1.0302382707595825,33,0,1,9.701931953430176,4.096378326416016,0.9957686066627502,0.7320942878723145,0,0,0.03223329037427902,0,0,0,8.968650817871094,7.632757663726807,111,481,229,150,9,0,17.200000762939453,117.67500305175781,0.26868513226509094,siracusa,noto
0,0.9787936806678772,11,0,1,7.2757720947265625,0.7241599559783936,0.9989138841629028,0.5675267577171326,0,0.006241939030587673,0.004276139661669731,0.04388196021318436,0,0,8.485496520996094,8.85215950012207,281,542,221,125,26,0,16.200000762939453,121.06739044189453,0.25811949372291565,siracusa,noto
0,0.7283961176872253,13,0,1,6.018629550933838,0.535384476184845,0.9995614290237427,0.641448438167572,0,0.0013521799119189382,0.006949988659471273,0.019948596134781837,2,2,9.556621551513672,10.430439949035645,56,869,434.5,190,18,1,17.200000762939453,127.67778015136719,0.23261861503124237,siracusa,noto
0,0.8932554721832275,34,0,1,3.9664242267608643,0.24911876022815704,0.9588343501091003,0.7159927487373352,0,0.006373534444719553,0,0.011149974539875984,0,1,8.5257568359375,9.521356582641602,296,525,262.5,207,14,1,16.299999237060547,224.33599853515625,0.23132792115211487,siracusa,noto
0,1.2833071947097778,33,0,1,8.470056533813477,2.93826961517334,0.9484602212905884,0.633863091468811,0,0.0017025955021381378,0.11315189301967621,0.07346109300851822,0,0,9.891263008117676,10.024506568908691,23,481,240.5,150,0,1,17.850000381469727,102.08000183105469,0.28522491455078125,siracusa,noto
0,0.625515878200531,34,0,1,4.377252101898193,0.6089845895767212,0.9996386170387268,0.4338487982749939,0,8.963620057329535e-4,0.025562522932887077,0.017413539811968803,0,0,8.964568138122559,9.212496757507324,438,732,316,130,20,0,15.800000190734863,169.6199951171875,0.29756203293800354,siracusa,noto
0,0.9563271999359131,33,0,0,5.695399761199951,0.9611149430274963,0.9987876415252686,0.8284643292427063,0,0,0,0.06110147386789322,0,0,7.7865519523620605,7.026763439178467,165,350,110,168,11,0,16.899999618530273,132.1368865966797,0.23542524874210358,siracusa,noto
0,0.9184356927871704,4,0,1,4.038584232330322,1.5021418333053589,0.9997580051422119,0.6439871788024902,0,1.821064652176574e-4,9.410811471752822e-4,0.03479063883423805,0,1,8.409831047058105,8.680658340454102,740,1006,334,63,24,0,13.800000190734863,165.3079071044922,0.2170409858226776,cefalu,palermo
0,0.8877610564231873,6,0,0,5.583331108093262,2.932699203491211,0.999056875705719,0.776637613773346,0,0,0.004116313066333532,0.1377120465040207,0,NA,7.77275276184082,6.032132625579834,685,1006,303,58,29,1,13.899999618530273,172.3372039794922,0.1937728375196457,cefalu,palermo
0,0.6472802758216858,36,0,0,14.908405303955078,0,0.9994999170303345,0.6067996025085449,0,0.003754506353288889,0.1178351417183876,0.0544731430709362,0,1,7.155396461486816,7.392486095428467,50,117,58.5,39,10,0,17.799999237060547,163.83238220214844,0.14968056976795197,cefalu,palermo
0,0.7709423303604126,6,0,1,4.640968322753906,2.2208664417266846,0.9990975260734558,0.4520832598209381,0,0.002356101293116808,0.07815074175596237,0.09812381118535995,3,3,8.98067569732666,8.667485237121582,423,1690,780,61,12,0,15.800000190734863,199.1069793701172,0.1343272179365158,cefalu,palermo
0,0.6939271688461304,6,0,0,8.666804313659668,4.257296562194824,0.9989669322967529,0.18404527008533478,0,0.0024764141999185085,0.11187072098255157,0.09328970313072205,0,1,9.375091552734375,8.57441234588623,20,1081,540.5,49,0,1,17.899999618530273,177.13841247558594,0.14481578767299652,cefalu,palermo
1,0.6852514147758484,6,0,0,4.483623504638672,0.5194987654685974,0.9995541572570801,0.39244186878204346,0,0.0036271282006055117,0.03141247481107712,0.02322450280189514,3,2,8.481566429138184,9.580241203308105,468,1801,878,42,14,1,16.100000381469727,174.6636505126953,0.1454039365053177,cefalu,palermo
0,0.7709423303604126,6,0,1,3.9279325008392334,0.9940046668052673,0.9997967481613159,0.7371065616607666,0,0,0,0.027022555470466614,0,3,9.264070510864258,9.435001373291016,1011,1332,416,63,34,1,13.100000381469727,199.1069793701172,0.1343272179365158,cefalu,palermo
0,0.7709423303604126,6,0,0,3.9596400260925293,0.2205318659543991,0.9995025992393494,0.3231748044490814,0,6.91028981236741e-5,0.017044447362422943,0.08412935584783554,0,3,8.111628532409668,9.325482368469238,1077,1600,639,62,21,0,12.600000381469727,199.1069793701172,0.1343272179365158,cefalu,palermo
0,0.6996585726737976,6,0,0,4.348740577697754,0.6591344475746155,0.9996955394744873,0.3422664999961853,0,1.6214717470575124e-4,0.030526315793395042,0.054316770285367966,3,1,8.17948055267334,8.327392578125,101,1384,692,48,10,1,16.049999237060547,178.77330017089844,0.1445065587759018,cefalu,palermo
0,0.7217589616775513,6,0,0,2.0633389949798584,0.5960152745246887,0.9999366402626038,0.17814716696739197,0,0,0.010206411592662334,0.04298855736851692,3,2,7.947678565979004,8.609691619873047,590,1977,821,48,12,1,14.899999618530273,185.07742309570312,0.14390543103218079,cefalu,palermo
0,0.7709423303604126,6,0,0,4.354434490203857,0.37877386808395386,0.9997592568397522,0.6182313561439514,0,6.3276884611696e-4,4.713735543191433e-4,0.07076378911733627,0,2,8.678801536560059,9.119550704956055,1147,1686,574,60,28,1,12.850000381469727,199.1069793701172,0.1343272179365158,cefalu,palermo
0,0.7709423303604126,6,0,1,3.203005075454712,0.21312937140464783,0.9996737837791443,0.677335798740387,0,0,2.0458007929846644e-4,0.03266381472349167,0,1,8.782782554626465,10.196272850036621,975,1975,822.5,59,29,1,13.049999237060547,199.1069793701172,0.1343272179365158,cefalu,palermo
1,0.7709423303604126,6,0,1,3.0502734184265137,0.6486372351646423,0.9995431303977966,0.67460697889328,0,2.421399112790823e-4,0.004971446003764868,0.028528010472655296,0,2,8.559869766235352,9.575139999389648,917,1910,775,53,24,1,13.600000381469727,199.1069793701172,0.1343272179365158,cefalu,palermo
0,0.7709423303604126,6,0,0,5.522398948669434,0,0.9488834142684937,0.34723541140556335,0,0.02123551070690155,0.0450817346572876,0.057760074734687805,3,2,7.295056343078613,8.464316368103027,763,763,381.5,61,12,1,14.899999618530273,199.1069793701172,0.1343272179365158,cefalu,palermo
0,0.7709423303604126,6,0,1,3.662973642349243,0.3899514377117157,0.9992415904998779,0.5040056705474854,0,0.0010716172400861979,0.08128998428583145,0.027926253154873848,3,3,8.445267677307129,9.3217926025390625,1050,1347,673.5,67,21,1,13.100000381469727,199.1069793701172,0.1343272179365158,cefalu,palermo
1,0.2842317819595337,3,0,1,6.0748796463012695,1.8537441492080688,0.9997491836547852,0.6314113140106201,0,0.0020682201720774174,0.016666362062096596,0.03213511407375336,0,2,9.069928169250488,8.669218063354492,668,1215,507.5,51,51,1,14.399999618530273,167.1807098388672,0.1973404437303543,corleone,palermo
1,0.2842317819595337,3,0,0,4.790121078491211,0,0.9995971322059631,0.7638183236122131,0,0,0.006350877694785595,0.01062263548374176,0,1,7.331060409545898,7.623666763305664,666,1132,345,47,47,1,14.600000381469727,198.07777404785156,0.14105604588985443,corleone,palermo
1,0.2842317819595337,3,0,1,6.287395000457764,2.018047332763672,0.9996951818466187,0.6011808514595032,0,3.678811190184206e-4,0.04329614341259003,0.05003868788480759,0,1,8.83054256439209,8.5357084274292,614,1197,512.5,55,55,0,14.800000190734863,170.68124389648438,0.19516432285308838,corleone,palermo
1,0.2842317819595337,3,0,0,4.469621181488037,0.21161633729934692,0.9997456669807434,0.6648489832878113,0,0,0.003705131821334362,0.009385996498167515,0,2,8.152485847473145,9.531585693359375,571,1179,524.5,52,52,0,15.800000190734863,163.76560974121094,0.199580118060112,corleone,palermo
1,0.2842317819595337,3,1,1,5.183634281158447,1.3905587196350098,1,0.7571456432342529,0,0.0015775230713188648,0.024579549208283424,0.020710373297333717,3,3,9.714020729064941,10.115866661071777,480,1615,677.5,39,39,1,15.600000381469727,198.07777404785156,0.14105604588985443,corleone,palermo
1,0.2842317819595337,3,0,0,6.696883201599121,1.567700743675232,0.9997619390487671,0.651058554649353,0,8.692799019627273e-4,0.053656499832868576,0.04836250841617584,0,2,8.11939811706543,7.709704875946045,734,1000,403.5,58,58,0,14.600000381469727,171.00856018066406,0.19496701657772064,corleone,palermo
1,0.2842317819595337,3,0,1,3.4726059436798096,0.4168660640716553,0.9996922016143799,0.6496585607528687,0,1.947990858752746e-5,0.014337211847305298,0.013998650945723057,0,3,8.514790534973145,9.506505966186523,696,1440,620,61,61,0,14.300000190734863,198.07777404785156,0.14105604588985443,corleone,palermo
1,0.2842317819595337,3,0,1,3.117213726043701,1.2020434141159058,0.9997238516807556,0.6411792039871216,0,0.0013463019859045744,0.009632985107600689,0.05016254261136055,0,3,9.322507858276367,8.976837158203125,1007,1125,384.5,52,52,0,12.5,198.07777404785156,0.14105604588985443,corleone,palermo
0,0.39500367641448975,23,0,0,13.047395706176758,7.17304801940918,0.9978287816047668,0.14821742475032806,0,0.01134034525603056,0.10880079120397568,0.43673238158226013,3,3,9.622052192687988,7.846531391143799,79,1154,577,9,9,1,18,144.94512939453125,0.1606149524450302,palermo,palermo
1,0.26789581775665283,23,0,0,8.307380676269531,0,0.9996758103370667,0.17673872411251068,0,0,0.023160086944699287,0.42376571893692017,3,1,7.65207052230835,6.566720008850098,35,85,42.5,25,25,0,18.450000762939453,158.27049255371094,0.20143570005893707,palermo,palermo
1,0.3450104296207428,23,0,0,4.188747406005859,1.0055049657821655,0.9999105930328369,0.22796303033828735,0,9.842615108937025e-4,0.013797538354992867,0.06815921515226364,3,3,8.186742782592773,8.137083053588867,356,945,385,7,7,1,16.5,150.18617248535156,0.16955147683620453,palermo,palermo
1,0.26789581775665283,23,0,1,7.83970308303833,4.27960205078125,0.9996923208236694,0.40146759152412415,0,0.010720893740653992,0.07122761011123657,0.08739317208528519,3,3,8.699848175048828,7.134410381317139,291,1194,514.5,17,17,0,16.600000381469727,158.27049255371094,0.20143570005893707,palermo,palermo
0,0.26789581775665283,23,0,0,11.003341674804688,4.972397804260254,0.9143277406692505,0.33555886149406433,0,0.002503723371773958,0.0473310761153698,0.028724340721964836,0,3,8.251664161682129,6.704479217529297,4,559,279.5,12,12,0,18.450000762939453,158.27049255371094,0.20143570005893707,palermo,palermo
1,0.26789581775665283,23,0,0,10.447711944580078,1.613814115524292,0.9999392032623291,0.2572091519832611,0,0.013783861882984638,0.14662882685661316,0.067936040461063385,0,2,9.447307586669922,8.966904640197754,181,989,494.5,17,17,1,17.600000381469727,158.27049255371094,0.20143570005893707,palermo,palermo
1,0.26789581775665283,23,0,1,6.161828517913818,1.1135401725769043,0.9997987747192383,0.506479799747467,0,0,0.06342640519142151,0.04832122102379799,0,2,8.811949729919434,8.147137641906738,75,986,493,23,23,1,18.200000762939453,158.27049255371094,0.20143570005893707,palermo,palermo
0,0.3699539601802826,23,0,0,35.151641845703125,0,0.998399555683136,0.07019148021936417,0,0.15953700244426727,0.027436411008238792,0.6691397428512573,3,3,7.292336940765381,5.721999645233154,25,48,24,5,5,0,18.299999237060547,147.5712127685547,0.16413186490535736,palermo,palermo
1,0.38503286242485046,23,0,1,4.678625106811523,3.914199113845825,0.9764668941497803,0.681035041809082,0,8.471871260553598e-4,0.012318517081439495,0.07628582417964935,0,3,9.031213760375977,8.119668006896973,531,990,382.5,17,17,1,15.699999809265137,145.99041748046875,0.1617836207151413,palermo,palermo
1,0.36879900097846985,23,1,1,12.31790542602539,2.1416735649108887,0.999141275882721,0.4827716648578644,0,0.009540648199617863,0.041410185396671295,0.20783676207065582,3,3,8.91704273223877,8.82206916809082,129,943,461,9,9,1,17.700000762939453,147.69229125976562,0.1643405705690384,palermo,palermo
1,0.26789581775665283,23,0,1,4.901309013366699,0.7619534730911255,0.999671459197998,0.7210390567779541,0,0.013187521137297153,0.00662920530885458,0.026716182008385658,3,3,10.062838554382324,11.190642356872559,275,1615,764,4,4,1,16.725000381469727,158.27049255371094,0.20143570005893707,palermo,palermo
0,0.40384212136268616,36,0,0,5.238862991333008,0,0.9997518658638,0.5697764158248901,0,1.0921050852630287e-4,0.02372223511338234,0.07077804952859879,3,1,7.565793514251709,8.783244132995605,327,786,331.5,15,15,0,16.399999618530273,144.01853942871094,0.15983465313911438,palermo,palermo
0,0.26789581775665283,23,0,0,18.528057098388672,69.99088287353516,0.9989861249923706,0.2645466923713684,0,0.0563131719827652,0.06709571927785873,0.050197016447782516,3,3,12.190491676330566,9.612272262573242,19,1050,525,0,0,1,18.349998474121094,158.27049255371094,0.20143570005893707,palermo,palermo
1,0.26789581775665283,23,0,0,8.052978515625,2.9900922775268555,0.9995387196540833,0.3832702040672302,0,0.03416075557470322,0,0.1035212054848671,0,3,8.16080379486084,7.8384904861450195,350,1088,485.5,7,7,0,16.700000762939453,158.27049255371094,0.20143570005893707,palermo,palermo
1,0.26789581775665283,23,0,0,10.268157958984375,2.167856216430664,0.9989479780197144,0.17792095243930817,0,0.0057885064743459225,0.07153881341218948,0.5321730971336365,3,3,9.855976104736328,9.12092399597168,180,550,265.5,18,18,1,17.5,158.27049255371094,0.20143570005893707,palermo,palermo
1,0.26789581775665283,23,0,1,5.963801860809326,9.662026405334473,1,0.5065547823905945,0,0,0.010503149591386318,0.14661170542240143,0,2,8.891511917114258,7.176637172698975,700,1033,315,16,16,1,14.199999809265137,158.27049255371094,0.20143570005893707,palermo,palermo
1,0.26789581775665283,23,0,1,10.621444702148438,3.6692540645599365,0.9998318552970886,0.48856616020202637,0,7.830184767954051e-4,0.0023312594275921583,0.4495282471179962,0,3,8.770594596862793,7.582020282745361,396,1165,457.5,19,19,1,15.799999237060547,158.27049255371094,0.20143570005893707,palermo,palermo
1,0.2842317819595337,3,0,0,4.7382917404174805,0,0.9999382495880127,0.7960630059242249,0,0,0.00389235932379961,0.06357742100954056,0,2,6.987490177154541,7.516494274139404,674,1023,385,18,18,1,14.699999809265137,198.07777404785156,0.14105604588985443,palermo,palermo
0,0.40472590923309326,36,0,0,12.361052513122559,1.7875972986221313,0.9992009997367859,0.3679085075855255,0,0.0034228817094117403,0.05728812515735626,0.33981773257255554,3,1,8.02715015411377,7.878611087799072,47,411,205.5,12,12,0,18.200000762939453,143.92588806152344,0.15976984798908234,palermo,palermo
1,0.26789581775665283,23,0,0,5.499764919281006,2.645799398422241,1,0.3012903332710266,0,0,0.10892932862043381,0.09413526952266693,0,2,8.641709327697754,6.5925092697143555,33,645,322.5,24,24,0,18.200000762939453,158.27049255371094,0.20143570005893707,palermo,palermo
0,0.26789581775665283,23,0,0,5.639467716217041,1.9647022485733032,0.9999437928199768,0.1569046825170517,0,0,0.0643506646156311,0.019089924171566963,0,2,8.219864845275879,7.890913009643555,303,972,477.5,15,15,1,16.600000381469727,158.27049255371094,0.20143570005893707,palermo,palermo
0,NA,NA,0,0,19.47321319580078,3.9796881675720215,0.9469752907752991,0.7590737342834473,0,0.013329720124602318,0,0.05070389062166214,0,NA,7.710205078125,6.6253275871276855,50,238,119,60,60,0,17.799999237060547,NA,NA,palermo,palermo
0,0.5310627818107605,36,0,1,6.372182846069336,1.4405622482299805,0.9985552430152893,0.7905160188674927,0,0,0,0.07831144332885742,0,2,8.612321853637695,8.623370170593262,734,920,279.5,47,47,1,14.399999618530273,130.6813507080078,0.17105509340763092,termini,palermo
0,0.6192689538002014,36,0,0,8.00206470489502,0,0.9999488592147827,0.5865797996520996,0,0,0.01657562144100666,0.1788727343082428,0,2,7.069874286651611,7.1942667961120605,450,1142,461,38,36,0,15.800000190734863,155.8421630859375,0.1546117514371872,termini,palermo
0,0.4262382388114929,36,0,0,7.79302978515625,1.4010251760482788,0.9997423887252808,0.09891302138566971,0,0.009212130680680275,0.14024268090724945,0.15214751660823822,3,1,7.907283782958984,7.722027778625488,73,874,437,15,15,1,17.899999618530273,141.67063903808594,0.1589331328868866,termini,palermo
1,0.44236764311790466,36,0,0,8.899499893188477,2.017221689224243,0.9997978210449219,0.6801697611808777,0,0.00013995279732625932,0,0.17115680873394012,0,2,8.005033493041992,7.7169060707092285,562,1257,488.5,25,25,0,15.300000190734863,139.97972106933594,0.15923942625522614,termini,palermo
0,0.5310627818107605,36,0,1,5.238907337188721,0.8243977427482605,0.9997581839561462,0.7210124731063843,0,0.0022586036939173937,0,0.0370279923081398,0,3,8.886408805847168,9.8031158447265625,521,1325,627.5,30,30,1,15.5,130.6813507080078,0.17105509340763092,termini,palermo
1,0.6640675663948059,6,0,1,4.869569301605225,0.55666583776474,0.9999905824661255,0.7655636668205261,0,8.955381927080452e-4,0.015131071209907532,0.04815870523452759,0,2,8.5426664352417,9.23076057434082,640,1080,491.5,47,42,1,14.800000190734863,168.62095642089844,0.14744806289672852,termini,palermo
1,NA,NA,0,0,4.403583526611328,0.3329012393951416,0.9999285936355591,0.6980265974998474,0,0.0015318949008360505,0.005081338807940483,0.011487583629786968,3,2,8.301273345947266,9.86889934539795,682,1316,474,52,52,1,14.300000190734863,NA,NA,termini,palermo
1,0.6175636053085327,36,0,0,8.389007568359375,1.7395331859588623,0.9996728301048279,0.5213230848312378,0,7.734530372545123e-4,0.035726405680179596,0.0875202864408493,3,2,8.149890899658203,8.140854835510254,274,800,345,37,37,1,16.700000762939453,155.355712890625,0.15496069192886353,termini,palermo
1,0.5310627818107605,36,0,1,6.504360198974609,1.7560502290725708,1,0.7738850712776184,0,0.003136976156383753,0.008158918470144272,0.045627329498529434,0,2,8.579792022705078,8.59401798248291,500,805,315,23,23,0,15.600000381469727,130.6813507080078,0.17105509340763092,termini,palermo
1,0.4117296636104584,36,0,0,8.560282707214355,0,0.9998035430908203,0.620121955871582,0,0,0.012406953610479832,0.2564041018486023,0,1,6.642486572265625,6.728201389312744,563,716,164.5,20,20,0,15.899999618530273,143.191650390625,0.15934117138385773,termini,palermo
0,0.40137556195259094,36,0,0,3.5014963150024414,0,0.9998562932014465,0.5938085913658142,0,0,8.040174725465477e-4,0.024189889430999756,0,3,6.733401775360107,8.26280689239502,720,1615,538,23,23,0,14.399999618530273,144.27713012695312,0.16002826392650604,termini,palermo
1,0.5310627818107605,36,0,1,3.7099459171295166,2.688262701034546,0.999711811542511,0.79827481508255,78.80000305175781,0.001805153675377369,0,0.05053720623254776,0,3,9.105757713317871,8.070650100708008,678,900,264.5,42,42,1,14.399999618530273,130.6813507080078,0.17105509340763092,termini,palermo
1,0.5310627818107605,36,0,1,4.842425346374512,0.8484152555465698,0.9998282790184021,0.7433218359947205,0,7.102636736817658e-4,0.021893128752708435,0.07776928693056107,0,3,8.779865264892578,9.033498764038086,550,1209,469.5,25,25,1,14.699999809265137,130.6813507080078,0.17105509340763092,termini,palermo
0,0.5310627818107605,36,0,1,6.120296001434326,2.4624409675598145,0.9998091459274292,0.5995529890060425,0,0.031731199473142624,0.03378511965274811,0.1329270303249359,0,2,8.771215438842773,8.027826309204102,516,1110,455,41,41,0,15.100000381469727,130.6813507080078,0.17105509340763092,termini,palermo
0,0.5310627818107605,36,0,0,5.614675045013428,0,0.9990412592887878,0.7096647024154663,0,0.0010836739093065262,0.010220346972346306,0.08262068778276443,0,2,7.561641693115234,7.416396141052246,528,644,209,40,40,1,15.300000190734863,130.6813507080078,0.17105509340763092,termini,palermo
0,0.5971172451972961,36,0,0,4.944965839385986,0,0.99993896484375,0.4982377886772156,0,0.002270304597914219,0.03739647567272186,0.01817825436592102,0,1,7.348587512969971,8.03637409210205,280,1325,584.5,34,34,1,17.100000381469727,149.52337646484375,0.15957939624786377,termini,palermo
0,0.652521014213562,6,0,0,3.7861855030059814,0,0.9998732805252075,0.7976911067962646,0,0,0.0072873011231422424,0.004588680807501078,0,1,6.802394866943359,9.493231773376465,812,1081,472,44,44,1,14.5,165.32730102539062,0.14892545342445374,termini,palermo
0,0.5310627818107605,36,0,1,15.455638885498047,9.3515167236328125,0.977284848690033,0.5343573093414307,0,0.01116369478404522,0.17124846577644348,0.09778089821338654,3,3,10.173247337341309,8.805333137512207,113,1325,662.5,24,24,1,17.799999237060547,130.6813507080078,0.17105509340763092,termini,palermo
0,0.5310627818107605,36,0,0,11.459510803222656,2.1965041160583496,0.999989926815033,0.3183307349681854,0,0.0178409181535244,0.061786144971847534,0.14172197878360748,3,1,8.146419525146484,7.638044357299805,21,802,401,21,21,1,18.299999237060547,130.6813507080078,0.17105509340763092,termini,palermo
1,NA,NA,0,1,4.272686004638672,2.3232686519622803,0.998776376247406,0.49639636278152466,0,0,0,0.20875264704227448,0,1,8.82673454284668,7.848464012145996,790,998,199,58,58,1,13.699999809265137,NA,NA,termini,palermo
0,0.5310627818107605,36,0,1,9.989076614379883,7.641158103942871,0.9429823756217957,0.4486975073814392,0,0.05230952799320221,0.15210458636283875,0.041164204478263855,0,2,8.41869831085205,6.78977632522583,540,1167,525,36,36,0,15.5,130.6813507080078,0.17105509340763092,termini,palermo
0,0.5310627818107605,36,0,1,4.44329309463501,0.6802422404289246,0.9996519684791565,0.8587039113044739,0,0.0012219380587339401,0,0.041940994560718536,0,2,8.341649055480957,9.03467082977295,650,916,348,33,33,1,15.100000381469727,130.6813507080078,0.17105509340763092,termini,palermo
1,0.42311304807662964,36,0,0,5.700154781341553,1.6390386819839478,0.9994632601737976,0.6496681571006775,0,1.074903630069457e-4,0.02844051457941532,0.07541093975305557,0,1,7.882692337036133,7.798488616943359,510,765,232.5,21,21,0,15.199999809265137,141.99827575683594,0.1589663177728653,termini,palermo
1,0.21234560012817383,37,0,1,5.907323837280273,4.532708644866943,0.9997959136962891,0.6332516074180603,0,3.6917711258865893e-4,0,0.1598656177520752,2,3,9.8790922164917,9.234153747558594,256,826,413,32,32,1,16.899999618530273,104.54655456542969,0.1960192620754242,alcamo,trapani
0,NA,NA,0,1,4.333159446716309,0.919941782951355,0.940261721611023,0.7710483074188232,0,0.0025958498008549213,0.022880256175994873,0.029643889516592026,2,2,9.07463550567627,9.544657707214355,360,690,330,43,25,1,16.5,NA,NA,alcamo,trapani
1,NA,NA,0,0,3.653552770614624,2.3197202682495117,0.7950436472892761,0.17600198090076447,0,0.0018573914421722293,0.02779262885451317,0.1535574048757553,1,3,9.103423118591309,8.594062805175781,63,1065,532.5,39,39,1,18,NA,NA,alcamo,trapani
1,NA,NA,0,1,11.91419506072998,1.4493120908737183,0.982455849647522,0.8087623119354248,0,0,0.021023431792855263,0.09137801826000214,0,3,8.598957061767578,8.3773775100708,400,673,262,36,36,0,17,NA,NA,alcamo,trapani
1,0.2842317819595337,3,0,0,8.037062644958496,3.2401154041290283,0.9997718334197998,0.8815831542015076,0,0,0.040199387818574905,0.07618877291679382,0,2,8.1001615524292,6.969749450683594,410,644,257,33,33,0,17.299999237060547,198.07777404785156,0.14105604588985443,alcamo,trapani
1,0.2842317819595337,3,0,0,7.085974216461182,1.176750659942627,0.9816637635231018,0.83527374267578125,0,0.0013663432328030467,0.035965580493211746,0.040405768901109695,0,3,8.173293113708496,8.307478904724121,358,561,235.5,35,35,0,17.700000762939453,198.07777404785156,0.14105604588985443,alcamo,trapani
1,NA,NA,0,0,5.4384565353393555,7.19312047958374,0.9639955759048462,0.6113201975822449,0,0,0,0.1573079526424408,2,3,8.272059440612793,6.696782112121582,475,630,172,48,30,1,15.800000190734863,NA,NA,alcamo,trapani
0,NA,NA,0,0,5.6401567459106445,1.406254529953003,0.9999799132347107,0.3547998070716858,0,0.0011055382201448083,0.11306320130825043,0.15270580351352692,0,NA,8.56560230255127,7.683375835418701,99,131,65.5,66,18,1,17.600000381469727,NA,NA,mazzara,trapani
1,NA,NA,0,1,5.282357215881348,1.4805078506469727,0.9625547528266907,0.5310521125793457,0,0.0010028349934145808,0.14695140719413757,0.08998983353376389,0,2,9.841452598571777,10.012649536132812,190,321,160.5,68,14,1,17.200000762939453,NA,NA,mazzara,trapani
1,NA,NA,0,1,2.8967478275299072,0.5904947519302368,0.9998589158058167,0.5119311809539795,0,5.48634328879416e-4,0.02394266054034233,0.027352571487426758,2,2,9.305560111999512,10.261022567749023,7,254,127,82.5,0,1,18,NA,NA,mazzara,trapani
1,NA,NA,0,1,5.200647354125977,1.4061039686203003,0.9989510178565979,0.7083012461662292,0,0,0,0.06611178070306778,0,2,9.390325546264648,8.943071365356445,398,529,248.5,68,40,0,16.299999237060547,105.23235321044922,0.2953833043575287,mazzara,trapani
1,NA,NA,0,1,4.348178863525391,1.0678281784057617,0.9635784029960632,0.643825113773346,0,5.609091022051871e-4,0.022033611312508583,0.03698229044675827,2,2,9.474242210388184,10.007061004638672,442,751,329,53,31,1,16.299999237060547,NA,NA,mazzara,trapani
1,NA,NA,0,1,9.27492618560791,4.09768533706665,0.9754029512405396,0.6768380999565125,0,0,0.09325001388788223,0.11884605884552002,0,2,8.76826286315918,7.557019233703613,463,630,268.5,60,38,1,16,NA,NA,mazzara,trapani
0,0.21234560012817383,37,0,0,6.032675266265869,2.18839168548584,0.9158312082290649,0.45834651589393616,0,0.010880396701395512,0,0.020158128812909126,0,0,8.34355354309082,7.777032375335693,10,686,343,69,12,0,17.799999237060547,104.54655456542969,0.1960192620754242,trapani,trapani
0,0.21234560012817383,37,0,0,3.6139371395111084,1.900494933128357,0.9983437061309814,0.3319143056869507,0,0.0033652849961072206,0,0.3009381592273712,0,2,10.3529691696167,9.983369827270508,12,253,126.5,87,0,1,15.5,104.54655456542969,0.1960192620754242,trapani,trapani
1,0.21234560012817383,37,0,0,2.920259714126587,0.17021730542182922,0.9923657774925232,0.49436554312705994,0,0.0034319041296839714,0.01295430213212967,0.02278912626206875,0,3,9.59430980682373,10.241470336914062,719,1110,555,72,8,0,17,104.54655456542969,0.1960192620754242,trapani,trapani
1,0.21234560012817383,37,0,0,5.4118194580078125,1.0090017318725586,0.999059796333313,0.5302267074584961,0,0.0029725083149969578,0.009311646223068237,0.039634719491004944,0,2,8.367067337036133,8.319470405578613,36,191,95.5,70,4,1,17.799999237060547,104.54655456542969,0.1960192620754242,trapani,trapani
0,NA,NA,0,0,2.813657283782959,0.5367018580436707,0.9999003410339355,0.25224989652633667,0,8.287233067676425e-4,0.001961664529517293,0.12730932235717773,0,NA,8.697846412658691,8.867145538330078,5,836,418,150,90,0,18.200000762939453,NA,NA,trapani,trapani
1,0.21234560012817383,37,0,1,4.202004909515381,2.882310390472412,0.9972047805786133,0.840865969657898,0,0.0019554649479687214,0.020149122923612595,0.04673795402050018,0,3,10.355199813842773,10.209200859069824,3,751,375.5,68,0,1,18,104.54655456542969,0.1960192620754242,trapani,trapani
